OPEID,state,city,Name,Address,City2,State3,State Desc,Zip Code,Zip Ext,"Prog
Length","School
Type",Year 1,"
Num 1","
Denom 1",DRate 1,PRate 1,Ethnic Code,Cong Dis,Region,"Average or
Greater than 30",Year 2,"
Num 2","
Denom 2",DRate 2,PRate 2,Year 3,"
Num 3","
Denom 3",DRate 3,PRate 3
42401,Antigua,Coolidge,AMERICAN UNIVERSITY OF ANTIGUA COLLEGE OF MEDICINE               ,UNIVERSITY PARK                    JABBERWOCK BEAC,COOLIDGE            ,FC,ANTIGUA             ,     ,    ,7,7,2016,1,54,1.8,A,5,        ,11,0,2015,,,,,2014,0,0,0,A
31000,Australia,Adelaide,UNIVERSITY OF ADELAIDE (THE)                                     ,NORTH TERRACE                                     ,ADELAIDE            ,FC,AUSTRALIA           ,5005,    ,8,5,2016,1,14,7.1,B,5,        ,11,1,2015,1,15,6.6,B,2014,1,15,6.6,B
11091,Australia,"Bedford Park,",FLINDERS UNIVERSITY                                              ,STURT ROAD                                        ,"BEDFORD PARK,       ",FC,AUSTRALIA           ,5042,    ,8,5,2016,0,22,0,B,5,        ,11,1,2015,1,26,3.8,B,2014,1,19,5.2,B
10692,Australia,Brisbane,UNIVERSITY OF QUEENSLAND (THE)                                   ,ST LUCIA                                          ,BRISBANE            ,FC,AUSTRALIA           ,4072,    ,8,5,2016,4,95,4.2,A,5,        ,11,0,2015,3,77,3.8,A,2014,3,65,4.6,A
10588,Australia,Canberra,AUSTRALIAN NATIONAL UNIVERSITY                                   ,"BUILDING 10, CHANCELRY             EAST ROAD, ACTO",CANBERRA            ,FC,AUSTRALIA           ,2601,    ,8,5,2016,1,24,4.1,B,5,        ,11,1,2015,1,26,3.8,B,2014,2,37,5.4,B
10914,Australia,Clayton,MONASH UNIVERSITY                                                ,WELLINGTON ROAD                                   ,CLAYTON             ,FC,AUSTRALIA           ,3800,    ,8,5,2016,0,30,0,B,5,        ,11,1,2015,0,28,0,B,2014,0,28,0,B
11094,Australia,Crawley,UNIVERSITY OF WESTERN AUSTRALIA (THE)                            ,35 STIRLING HIGHWAY                               ,CRAWLEY             ,FC,AUSTRALIA           ,6009,    ,8,5,2016,1,19,5.2,B,5,        ,11,1,2015,1,20,5,B,2014,1,13,7.6,B
30954,Australia,Gold Coast,BOND UNIVERSITY                                                  ,UNIVERSITY DRIVE                   ROBINA         ,GOLD COAST          ,FC,AUSTRALIA           ,4229,    ,8,6,2016,0,30,0,A,5,        ,11,0,2015,0,87,0,B,2014,1,99,1,B
8505,Australia,Melbourne,UNIVERSITY OF MELBOURNE                                          ,GRATTAN STREET                     PARKVILLE      ,MELBOURNE           ,FC,AUSTRALIA           ,3010,    ,8,5,2016,1,44,2.2,A,5,        ,11,0,2015,1,60,1.6,A,2014,2,59,3.3,A
30961,Australia,Melbourne,LA TROBE UNIVERSITY                                              ,BUNDOORA CAMPUS                    LA TROBE UNIVER,MELBOURNE           ,FC,AUSTRALIA           ,3083,    ,8,5,2016,2,19,10.5,B,5,        ,11,1,2015,3,29,10.3,B,2014,8,38,21,B
25796,Australia,Murdoch Perth,MURDOCH UNIVERSITY                                               ,90 SOUTH STREET                                   ,MURDOCH PERTH       ,FC,AUSTRALIA           ,6150,    ,8,5,2016,2,34,5.8,B,5,        ,11,1,2015,4,44,9,B,2014,4,50,8,B
10681,Australia,North Ryde,MACQUARIE UNIVERSITY                                             ,BALACLAVA ROAD                                    ,NORTH RYDE          ,FC,AUSTRALIA           ,2109,    ,8,5,2016,2,39,5.1,B,5,        ,11,1,2015,3,46,6.5,B,2014,2,63,3.1,B
30672,Australia,The University Of Sy,UNIVERSITY OF SYDNEY                                             ,LEVEL 4 F23 ADMINISTRATION BUILDINGCORNER OF EASTE,THE UNIVERSITY OF SY,FC,AUSTRALIA           ,2006,    ,8,5,2016,4,48,8.3,P,5,        ,11,0,2015,4,75,5.3,P,2014,6,76,7.8,P
12206,Australia,Townsville,JAMES COOK UNIVERSITY                                            ,DOUGLAS CAMPUS                                    ,TOWNSVILLE          ,FC,AUSTRALIA           ,4811,    ,8,5,2016,2,88,2.2,B,5,        ,11,1,2015,1,34,2.9,A,2014,1,33,3,A
31504,Australia,Ultimo,UNIVERSITY OF TECHNOLOGY SYDNEY                                  ,15 BROADWAY                                       ,ULTIMO              ,FC,AUSTRALIA           ,2007,    ,8,5,2016,3,36,8.3,B,5,        ,11,1,2015,2,34,5.8,B,2014,2,29,6.8,B
8670,Australia,"Unsw, Sydney",UNIVERSITY OF NEW SOUTH WALES (THE)                              ,"GATE 9, HIGH STREET                CHANCELLERY BUI","UNSW, SYDNEY        ",FC,AUSTRALIA           ,2052,    ,8,5,2016,2,78,2.5,B,5,        ,11,1,2015,2,88,2.2,B,2014,2,113,1.7,B
30914,Australia,Wollongong,UNIVERSITY OF WOLLONGONG                                         ,NORTHFIELDS AVENUE                                ,WOLLONGONG          ,FC,AUSTRALIA           ,2522,    ,8,5,2016,0,15,0,B,5,        ,11,1,2015,1,19,5.2,B,2014,2,25,8,B
34603,Austria,Trumau,INTERNATIONALES THEOLOGISCHES INSTITUT                           ,SCHLOSSGASSE 21                                   ,TRUMAU              ,FC,AUSTRIA             ,2521,    ,8,6,2016,0,14,0,B,5,        ,11,1,2015,0,15,0,B,2014,0,15,0,B
22460,Barbados,St. Michael,"ROSS UNIVERSITY, SCHOOL OF MEDICINE                              ",LLOYD ERSKINE SANDIFORD CENTRE     TWO MILE HILL  ,ST. MICHAEL         ,FC,BARBADOS            ,BB110,93,7,7,2016,13,1125,1.1,A,5,        ,11,0,2015,10,1091,0.9,A,2014,8,1072,0.7,A
22011,Canada,Abbotsford,COLUMBIA BIBLE COLLEGE                                           ,2940 CLEARBROOK ROAD                              ,ABBOTSFORD          ,FC,CANADA              ,V2T  , 2Z8,6,6,2016,1,19,5.2,B,5,        ,11,1,2015,1,20,5,B,2014,1,22,4.5,B
33485,Canada,Ancaster,REDEEMER UNIVERSITY COLLEGE                                      ,777 GARNER ROAD EAST                              ,ANCASTER            ,FC,CANADA              ,L9K 1,J4  ,6,6,2016,0,11,0,B,5,        ,11,1,2015,0,8,0,B,2014,1,14,7.1,B
6681,Canada,Antigonish,ST. FRANCIS XAVIER UNIVERSITY                                    ,1 WEST STREET                                     ,ANTIGONISH          ,FC,CANADA              ,B2G 2,W5  ,8,5,2016,0,15,0,B,5,        ,11,1,2015,1,22,4.5,B,2014,4,28,14.2,B
9421,Canada,Brandon,BRANDON UNIVERSITY                                               ,270-18TH STREET                                   ,BRANDON             ,FC,CANADA              ,R7A  , 6A9,8,5,2016,3,9,33.3,B,5,        ,11,1,2015,2,10,20,B,2014,2,15,13.3,B
8444,Canada,Burnaby,SIMON FRASER UNIVERSITY                                          ,8888 UNIVERSITY DRIVE                             ,BURNABY             ,FC,CANADA              ,V5A 1,S6  ,8,5,2016,3,38,7.8,A,5,        ,11,0,2015,5,38,13.1,A,2014,2,40,5,A
7874,Canada,Calgary,UNIVERSITY OF CALGARY                                            ,2500 UNIVERSITY DRIVE NW                          ,CALGARY             ,FC,CANADA              ,T2N 1,N4  ,8,5,2016,1,35,2.8,B,5,        ,11,1,2015,2,30,6.6,B,2014,2,34,5.8,B
32983,Canada,Calgary,ALBERTA UNIVERSITY OF THE ARTS                                   ,1407 - 14TH AVENUE NW                             ,CALGARY             ,FC,CANADA              ,T2N 4,R3  ,8,5,2016,0,5,0,B,5,        ,11,1,2015,0,8,0,B,2014,0,14,0,B
41567,Canada,Calgary,AMBROSE UNIVERSITY                                               ,"150 AMBROSE CIRCLE, SW                            ",CALGARY             ,FC,CANADA              ,T3H0L,5,8,6,2016,0,5,0,P,5,        ,11,0,2015,,,,,2014,0,9,0,P
11722,Canada,Caronport,BRIERCREST  COLLEGE AND SEMINARY                                 ,510 COLLEGE DRIVE                                 ,CARONPORT           ,FC,CANADA              ,S0H 0,S0  ,8,6,2016,2,11,18.1,B,5,        ,11,1,2015,1,13,7.6,B,2014,2,18,11.1,B
9367,Canada,Charlottetown,UNIVERSITY OF PRINCE EDWARD ISLAND                               ,550 UNIVERSITY AVENUE                             ,CHARLOTTETOWN       ,FC,CANADA              ,C1A  , 4P3,8,5,2016,1,61,1.6,B,5,        ,11,1,2015,1,70,1.4,B,2014,2,77,2.5,B
34203,Canada,Charlottetown,HOLLAND COLLEGE                                                  ,INTERNATIONAL OFFICE               140 WEYMOUTH ST,CHARLOTTETOWN       ,FC,CANADA              ,C1A  ,4Z1 ,11,5,2016,4,15,26.6,B,5,        ,11,1,2015,5,18,27.7,B,2014,3,15,20,B
6682,Canada,Fredericton,ST THOMAS UNIVERSITY                                             ,51 DINEEN DRIVE                                   ,FREDERICTON         ,FC,CANADA              ,E3B  , 5G3,6,5,2016,5,25,20,B,5,        ,11,1,2015,2,21,9.5,B,2014,3,19,15.7,B
6685,Canada,Fredericton,UNIVERSITY OF NEW BRUNSWICK (THE)                                ,26 BAILEY DRIVE                                   ,FREDERICTON         ,FC,CANADA              ,E3B  , 5A3,8,5,2016,0,18,0,B,5,        ,11,1,2015,2,22,9,B,2014,2,14,14.2,B
6683,Canada,Guelph,UNIVERSITY OF GUELPH                                             ,UNIVERSITY CENTRE                  50 STONE RD EAS,GUELPH              ,FC,CANADA              ,N1G 2,W1  ,8,5,2016,2,43,4.6,B,5,        ,11,1,2015,2,41,4.8,B,2014,1,36,2.7,B
6838,Canada,Halifax,DALHOUSIE UNIVERSITY                                             ,6299 SOUTH STREET RM. 125                         ,HALIFAX             ,FC,CANADA              ,B3H  , 4R2,8,5,2016,2,39,5.1,P,5,        ,11,0,2015,1,42,2.3,P,2014,1,33,3,P
8364,Canada,Halifax,SAINT MARY'S UNIVERSITY                                          ,923 ROBIE STREET                                  ,HALIFAX             ,FC,CANADA              ,B3H 3,C3  ,8,5,2016,3,26,11.5,B,5,        ,11,1,2015,3,28,10.7,B,2014,2,23,8.6,B
9501,Canada,Halifax,UNIVERSITY OF KING'S COLLEGE                                     ,6350 COBURG ROAD                                  ,HALIFAX             ,FC,CANADA              ,B3H  , 2A1,8,5,2016,0,19,0,B,5,        ,11,1,2015,1,18,5.5,B,2014,1,17,5.8,B
6679,Canada,Kingston,QUEEN'S UNIVERSITY AT KINGSTON                                   ,99 UNIVERSITY AVENUE                              ,KINGSTON            ,FC,CANADA              ,K7L  , 3N6,8,5,2016,2,59,3.3,B,5,        ,11,1,2015,2,60,3.3,B,2014,2,75,2.6,B
23249,Canada,Kitchener,EMMANUEL BIBLE COLLEGE                                           ,100 FERGUS AVENUE                                 ,KITCHENER           ,FC,CANADA              ,N2A  , 2H2,6,6,2016,0,2,0,B,5,        ,11,1,2015,,,,,2014,0,1,0,B
33354,Canada,Lacombe,BURMAN UNIVERSITY                                                ,6730 UNIVERSITY DRIVE                             ,LACOMBE             ,FC,CANADA              ,T4L 2,E5  ,6,6,2016,2,28,7.1,B,5,        ,11,1,2015,2,29,6.8,B,2014,1,24,4.1,B
9486,Canada,Langley,TRINITY WESTERN UNIVERSITY                                       ,7600 GLOVER ROAD                                  ,LANGLEY             ,FC,CANADA              ,V2Y 1,Y1  ,8,6,2016,7,106,6.6,B,5,        ,11,1,2015,2,32,6.2,A,2014,3,49,6.1,A
8446,Canada,London,UNIVERSITY OF WESTERN ONTARIO (THE)                              ,1151 RICHMOND STREET                              ,LONDON              ,FC,CANADA              ,N6A 3,K6  ,8,5,2016,0,44,0,B,5,        ,11,1,2015,0,45,0,B,2014,1,46,2.1,B
38473,Canada,Moncton,CRANDALL UNIVERSITY                                              ,333 GORGE ROAD                                    ,MONCTON             ,FC,CANADA              ,E1G 3,H9  ,8,6,2016,0,5,0,B,5,        ,11,1,2015,0,5,0,B,2014,0,5,0,B
6677,Canada,Montreal,MCGILL UNIVERSITY                                                ,845 SHERBROOKE STREET WEST                        ,MONTREAL            ,FC,CANADA              ,H3A  , 0G4,8,5,2016,6,259,2.3,P,5,        ,11,0,2015,8,260,3,P,2014,4,277,1.4,P
8365,Canada,Montreal,CONCORDIA UNIVERSITY                                             ,"1455 DE MAISONNEUVE WEST, GM-230                  ",MONTREAL            ,FC,CANADA              ,H3G 1,M8  ,8,5,2016,5,82,6,A,5,        ,11,0,2015,3,70,4.2,A,2014,2,76,2.6,A
8366,Canada,Montreal,UNIVERSITE DE MONTREAL                                           ,2900 EDOUARD-MONTPETIT BOULEVARD   ROOM H401      ,MONTREAL            ,FC,CANADA              ,H3T 1,J4  ,8,5,2016,0,22,0,B,5,        ,11,1,2015,2,19,10.5,B,2014,2,18,11.1,B
6686,Canada,Ottawa,UNIVERSITY OF OTTAWA                                             ,550 CUMBERLAND STREET                             ,OTTAWA              ,FC,CANADA              ,K1N  , 6N5,8,5,2016,4,40,10,B,5,        ,11,1,2015,0,34,0,B,2014,1,29,3.4,B
8368,Canada,Ottawa,CARLETON UNIVERSITY                                              ,1125 COLONEL BY DRIVE                             ,OTTAWA              ,FC,CANADA              ,K1S  , 5B6,8,5,2016,1,50,2,B,5,        ,11,1,2015,2,41,4.8,B,2014,3,40,7.5,B
10221,Canada,Ottawa,SAINT PAUL UNIVERSITY                                            ,223 MAIN STREET                                   ,OTTAWA              ,FC,CANADA              ,K1S  , 1C4,8,5,2016,0,6,0,B,5,        ,11,1,2015,0,6,0,B,2014,0,5,0,B
12274,Canada,Otterburne,PROVIDENCE UNIVERSITY COLLEGE AND THEOLOGICAL SEMINARY           ,10 COLLEGE CRESCENT                               ,OTTERBURNE          ,FC,CANADA              ,R0A 1,G0  ,8,6,2016,2,9,22.2,B,5,        ,11,1,2015,1,13,7.6,B,2014,1,14,7.1,B
36133,Canada,Prince George,UNIVERSITY OF NORTHERN BRITISH COLUMBIA                          ,3333 UNIVERSITY WAY                               ,PRINCE GEORGE       ,FC,CANADA              ,V2N 4,Z9  ,8,5,2016,0,9,0,B,5,        ,11,1,2015,0,12,0,B,2014,0,11,0,B
6837,Canada,Quebec,UNIVERSITE LAVAL                                                 ,AVENUE DES SCIENCES HUMAINES       PAVILLON JEAN-C,QUEBEC              ,FC,CANADA              ,G1V 0,A6  ,8,5,2016,0,8,0,B,5,        ,11,1,2015,1,10,10,B,2014,1,10,10,B
9503,Canada,Sackville,MOUNT ALLISON UNIVERSITY                                         ,65 YORK STREET                                    ,SACKVILLE           ,FC,CANADA              ,E4L  ,10000,8,5,2016,1,27,3.7,B,5,        ,11,1,2015,1,27,3.7,B,2014,0,24,0,B
22192,Canada,Saskatoon,UNIVERSITY OF SASKATCHEWAN                                       ,105 ADMINISTRATION PLACE                          ,SASKATOON           ,FC,CANADA              ,S7N 5,A2  ,8,5,2016,4,17,23.5,B,5,        ,11,1,2015,3,13,23,B,2014,3,14,21.4,B
6852,Canada,Sherbroke,BISHOP'S UNIVERSITY                                              ,2600 COLLEGE STREET                               ,SHERBROKE           ,FC,CANADA              ,J1M  , 1Z7,8,6,2016,2,14,14.2,B,5,        ,11,1,2015,2,18,11.1,B,2014,2,23,8.6,B
40753,Canada,Squamish,QUEST UNIVERSITY CANADA                                          ,3200 UNIVERSITY BLVD                              ,SQUAMISH            ,FC,CANADA              ,V8B 0,N8  ,6,6,2016,2,32,6.2,B,5,        ,11,1,2015,3,20,15,B,2014,2,11,18.1,B
9500,Canada,St John'S,MEMORIAL UNIVERSITY OF NEWFOUNDLAND                              ,230 ELIZABETH AVENUE                              ,ST JOHN'S           ,FC,CANADA              ,A1C5S,7,8,5,2016,1,27,3.7,B,5,        ,11,1,2015,4,22,18.1,B,2014,4,21,19,B
33325,Canada,Surrey,KWANTLEN POLYTECHNIC UNIVERSITY                                  ,12666 - 72ND AVENUE                               ,SURREY              ,FC,CANADA              ,V3W 2,M8  ,6,5,2016,0,10,0,B,5,        ,11,1,2015,0,10,0,B,2014,1,10,10,B
38463,Canada,Surrey,PACIFIC LIFE BIBLE COLLEGE                                       ,15030 66A AVENUE                                  ,SURREY              ,FC,CANADA              ,V3S 2,A5  ,6,6,2016,0,11,0,B,5,        ,11,1,2015,0,8,0,B,2014,0,4,0,B
21021,Canada,Sussex,KINGSWOOD UNIVERSITY                                             ,26 WESTERN STREET                                 ,SUSSEX              ,FC,CANADA              ,E4E 5,L2  ,6,6,2016,5,72,6.9,B,5,        ,11,1,2015,4,72,5.5,B,2014,4,69,5.7,B
30338,Canada,Sydney,CAPE BRETON UNIVERSITY                                           ,1250 GRAND LAKE ROAD                              ,SYDNEY              ,FC,CANADA              ,B1P 6,S9  ,8,5,2016,4,10,40,B,5,        ,11,1,2015,3,8,37.5,B,2014,1,5,20,B
6688,Canada,Toronto,UNIVERSITY OF TORONTO                                            ,27 KING'S COLLEGE CIRCLE                          ,TORONTO             ,FC,CANADA              ,M5S 1,A1  ,8,5,2016,3,64,4.6,A,5,        ,11,0,2015,1,98,1,A,2014,4,79,5,A
7679,Canada,Toronto,YORK UNIVERSITY                                                  ,4700 KEELE STREET                                 ,TORONTO             ,FC,CANADA              ,M3J 1,P3  ,8,5,2016,6,84,7.1,B,5,        ,11,1,2015,9,108,8.3,B,2014,2,30,6.6,A
10720,Canada,Toronto,RYERSON UNIVERSITY                                               ,350 VICTORIA STREET                PODIUM  59B    ,TORONTO             ,FC,CANADA              ,M5B 2,K3  ,8,5,2016,2,28,7.1,B,5,        ,11,1,2015,3,30,10,B,2014,2,34,5.8,B
22164,Canada,Toronto,TYNDALE UNIVERSITY COLLEGE & SEMINARY                            ,3377 BAYVIEW AVENUE                               ,TORONTO             ,FC,CANADA              ,M2M 3,S4  ,8,6,2016,0,8,0,B,5,        ,11,1,2015,0,7,0,B,2014,0,4,0,B
32733,Canada,Toronto,INSTITUTE OF NATUROPATHIC EDUCATION AND RESEARCH                 ,1255 SHEPPARD AVENUE EAST                         ,TORONTO             ,FC,CANADA              ,M2K 1,E2  ,7,6,2016,1,11,9,B,5,        ,11,1,2015,0,15,0,B,2014,0,16,0,B
8369,Canada,Vancouver,UNIVERSITY OF BRITISH COLUMBIA                                   ,2329 WEST MALL                                    ,VANCOUVER           ,FC,CANADA              ,V6T  , 1Z1,8,5,2016,3,192,1.5,A,5,        ,11,0,2015,6,179,3.3,A,2014,6,190,3.1,A
10675,Canada,Vancouver,REGENT COLLEGE                                                   ,5800 UNIVERSITY BLVD                              ,VANCOUVER           ,FC,CANADA              ,V6T 2,E4  ,8,6,2016,0,58,0,B,5,        ,11,1,2015,0,76,0,B,2014,1,81,1.2,B
23388,Canada,Vancouver,EMILY CARR UNIVERSITY OF ART AND DESIGN                          ,520 EAST 1ST AVENUE                               ,VANCOUVER           ,FC,CANADA              ,V5T 0,H2  ,8,5,2016,3,45,6.6,B,5,        ,11,1,2015,4,50,8,B,2014,4,49,8.1,B
8370,Canada,Victoria,UNIVERSITY OF VICTORIA                                           ,3800 FINNERTY ROAD                                ,VICTORIA            ,FC,CANADA              ,V8W  , 2Y2,8,5,2016,9,78,11.5,B,5,        ,11,1,2015,5,69,7.2,B,2014,6,68,8.8,B
8582,Canada,Waterloo,WILFRID LAURIER UNIVERSITY                                       ,75 UNIVERSITY AVENUE WEST                         ,WATERLOO            ,FC,CANADA              ,N2L  , 3C5,8,5,2016,0,9,0,B,5,        ,11,1,2015,0,6,0,B,2014,0,4,0,B
6689,Canada,Windsor,UNIVERSITY OF WINDSOR                                            ,401 SUNSET AVENUE                                 ,WINDSOR             ,FC,CANADA              ,N9B  , 3P4,8,5,2016,3,21,14.2,B,5,        ,11,1,2015,4,29,13.7,B,2014,2,36,5.5,B
6684,Canada,Winnipeg,UNIVERSITY OF MANITOBA                                           ,"ROOM 201, ADMINISTRATION BUILDING  66 CHANCELLORS ",WINNIPEG            ,FC,CANADA              ,R3T  , 2N2,8,5,2016,5,46,10.8,B,5,        ,11,1,2015,4,36,11.1,B,2014,3,35,8.5,B
8148,Canada,Winnipeg,UNIVERSITY OF WINNIPEG (THE)                                     ,515 PORTAGE AVENUE                                ,WINNIPEG            ,FC,CANADA              ,R3B 2,E9  ,8,5,2016,1,4,25,B,5,        ,11,1,2015,0,5,0,B,2014,0,6,0,B
8449,Canada,Wolfville,ACADIA UNIVERSITY                                                ,15 UNIVERSITY AVENUE                              ,WOLFVILLE           ,FC,CANADA              ,B4P 2,R6  ,8,5,2016,0,30,0,B,5,        ,11,1,2015,0,27,0,B,2014,1,30,3.3,B
22074,China,Hong Kong Sar,CHINESE UNIVERSITY OF HONG KONG (THE)                            ,"SHATIN, NEW TERRITORIES                           ",HONG KONG SAR       ,FC,CHINA               ,     ,    ,8,5,2016,0,11,0,B,5,        ,11,1,2015,0,17,0,B,2014,1,16,6.2,B
36534,Costa Rica,San Jose,UNIVERSIDAD DE IBEROAMéRICA                                      ,200 M. ESTE DE ICE                 LA FLORIDA DE T,SAN JOSE            ,FC,COSTA RICA          ,11870,-100,8,6,2016,0,15,0,B,5,        ,11,1,2015,0,13,0,B,2014,0,7,0,B
33004,Czech Republic,Prague 2,"UNIVERZITA KARLOVA V PRAZE, FIRST FACULTY OF MEDICINE (THE)      ",KATERINSKA 32                                     ,PRAGUE 2            ,FC,CZECH REPUBLIC      ,121 0,8,7,5,2016,1,15,6.6,B,5,        ,11,1,2015,0,17,0,B,2014,0,15,0,B
11226,Denmark,Aarhus C,AARHUS UNIVERSITY                                                ,NORDRE RINGGADE 1                                 ,AARHUS C            ,FC,DENMARK             ,8000,    ,8,5,2016,1,12,8.3,B,5,        ,11,1,2015,0,6,0,B,2014,0,9,0,B
6690,Denmark,Copenhagen,UNIVERSITY OF COPENHAGEN                                         ,NORREGADE 10                                      ,COPENHAGEN          ,FC,DENMARK             ,1017K,    ,8,5,2016,0,11,0,B,5,        ,11,1,2015,0,3,0,B,2014,0,2,0,B
38733,Denmark,Frederiksberg,COPENHAGEN BUSINESS SCHOOL                                       ,SOLBJERG PLADS 3                                  ,FREDERIKSBERG       ,FC,DENMARK             ,DK-20,0,8,5,2016,0,10,0,B,5,        ,11,1,2015,0,7,0,B,2014,0,2,0,B
33343,Dominican,San Francisco De Mac,UNIVERSIDAD CATóLICA NORDESTANA                                  ,LOS ARROYOS 239                                   ,SAN FRANCISCO DE MAC,FC,DOMINICAN ,31000,    ,8,6,2016,4,40,10,A,5,        ,11,0,2015,7,70,10,A,2014,6,61,9.8,A
10977,Dominican,San Pedro De Macoris,UNIVERSIDAD CENTRAL DEL ESTE                                     ,AVENIDA FRANCISCO CAMANO DENO                     ,SAN PEDRO DE MACORIS,FC,DOMINICAN ,21000,    ,8,6,2016,10,147,6.8,A,5,        ,11,0,2015,32,251,12.7,A,2014,59,346,17,A
12802,Dominican,Santiago,PONTIFICIA UNIVERSIDAD CATOLICA MADRE Y MAESTRA                  ,AUTOPISTA DUARTE KM 1 1/2                         ,SANTIAGO            ,FC,DOMINICAN ,     ,    ,8,6,2016,2,77,2.5,A,5,        ,11,0,2015,8,75,10.6,A,2014,12,90,13.3,A
12811,Dominican,Santo Domingo,INSTITUTO TECNOLOGICO DE SANTO DOMINGO                           ,"AVENIDA DE LOS PROCERES 49, GALA                  ",SANTO DOMINGO       ,FC,DOMINICAN ,10602,    ,8,6,2016,10,68,14.7,B,5,        ,11,1,2015,21,103,20.3,B,2014,28,130,21.5,B
23518,Dominican,Santo Domingo,UNIVERSIDAD IBEROAMERICANA (UNIBE)                               ,AVENUE FRANCIA 129                 GAZCUE         ,SANTO DOMINGO       ,FC,DOMINICAN ,0,0,8,6,2016,2,114,1.7,A,5,        ,11,0,2015,3,119,2.5,A,2014,8,277,2.8,A
5034,Egypt,New Cairo,AMERICAN UNIVERSITY IN CAIRO (THE)                               ,AUC AVENUE                                        ,NEW CAIRO           ,FC,EGYPT               ,11835,    ,8,6,2016,1,36,2.7,A,5,        ,11,0,2015,2,50,4,A,2014,8,69,11.5,A
11679,England,Bath,UNIVERSITY OF BATH                                               ,CLAVERTON DOWN                                    ,BATH                ,FC,ENGLAND             ,BA2  , 7AY,8,5,2016,1,27,3.7,B,5,        ,11,1,2015,2,27,7.4,B,2014,3,25,12,B
35333,England,Bath,BATH SPA UNIVERSITY                                              ,NEWTON PARK                        NEWTON ST. LOE ,BATH                ,FC,ENGLAND             ,BA2 9,BN  ,8,5,2016,4,28,14.2,B,5,        ,11,1,2015,2,25,8,B,2014,0,18,0,B
10493,England,Bedford,CRANFIELD UNIVERSITY                                             ,"WHARLEY END, CRANFIELD                            ",BEDFORD             ,FC,ENGLAND             ,MK43 ,0AL ,8,5,2016,0,15,0,B,5,        ,11,1,2015,0,20,0,B,2014,0,21,0,B
8908,England,Birmingham,UNIVERSITY OF BIRMINGHAM (THE)                                   ,EDGBASTON                                         ,BIRMINGHAM          ,FC,ENGLAND             ,B15 2,TT  ,8,5,2016,1,42,2.3,A,5,        ,11,0,2015,1,34,2.9,A,2014,1,30,3.3,A
12215,England,Birmingham,BIRMINGHAM CITY UNIVERSITY                                       ,UNIVERSITY HOUSE                   15 BARTHOLOMEW ,BIRMINGHAM          ,FC,ENGLAND             ,B5 5J,U   ,8,5,2016,1,30,3.3,B,5,        ,11,1,2015,1,36,2.7,B,2014,0,31,0,B
12258,England,Birmingham,ASTON UNIVERSITY                                                 ,ASTON TRIANGLE                                    ,BIRMINGHAM          ,FC,ENGLAND             ,B4 7E,T   ,8,5,2016,0,12,0,B,5,        ,11,1,2015,0,9,0,B,2014,0,10,0,B
12198,England,Bradford,UNIVERSITY OF BRADFORD                                           ,RICHMOND ROAD                                     ,BRADFORD            ,FC,ENGLAND             ,BD7 1,DP  ,8,5,2016,1,34,2.9,B,5,        ,11,1,2015,1,28,3.5,B,2014,1,28,3.5,B
6699,England,Brighton,UNIVERSITY OF SUSSEX                                             ,"SUSSEX HOUSE, FALMER                              ",BRIGHTON            ,FC,ENGLAND             ,BN1  , 9RH,8,5,2016,2,81,2.4,B,5,        ,11,1,2015,1,31,3.2,A,2014,0,30,0,A
35173,England,Brighton,UNIVERSITY OF BRIGHTON                                           ,MITHRAS HOUSE                      LEWES ROAD     ,BRIGHTON            ,FC,ENGLAND             ,BN2 4,AT  ,8,5,2016,2,29,6.8,B,5,        ,11,1,2015,2,30,6.6,B,2014,3,33,9,B
7632,England,Bristol,UNIVERSITY OF BRISTOL                                            ,"BEACON HOUSE, QUEENS ROAD                         ",BRISTOL             ,FC,ENGLAND             ,BS8 1,QU  ,8,5,2016,0,31,0,A,5,        ,11,0,2015,4,98,4,B,2014,1,30,3.3,A
21948,England,Bristol,"UNIVERSITY OF THE WEST OF ENGLAND, BRISTOL                       ",FRECHAY CAMPUS                     COLDHARBOUR LAN,BRISTOL             ,FC,ENGLAND             ,BS16 ,1QY ,8,5,2016,2,18,11.1,B,5,        ,11,1,2015,2,17,11.7,B,2014,2,14,14.2,B
30127,England,Buckingham,UNIVERSITY OF BUCKINGHAM                                         ,HUNTER STREET                                     ,BUCKINGHAM          ,FC,ENGLAND             ,MK18 ,1EG ,8,6,2016,1,6,16.6,B,5,        ,11,1,2015,1,7,14.2,B,2014,0,8,0,B
6691,England,Cambridge,UNIVERSITY OF CAMBRIDGE - PEMBROKE COLLEGE                       ,TRUMPINGTON STREET                                ,CAMBRIDGE           ,FC,ENGLAND             ,CB2  , 1RF,8,5,2016,0,7,0,B,5,        ,11,1,2015,0,7,0,B,2014,0,11,0,B
6850,England,Cambridge,UNIVERSITY OF CAMBRIDGE - DOWNING COLLEGE                        ,DOWNING COLLEGE                    REGENT STREET  ,CAMBRIDGE           ,FC,ENGLAND             ,CB2  , 1DQ,8,5,2016,0,7,0,B,5,        ,11,1,2015,0,7,0,B,2014,0,7,0,B
9927,England,Cambridge,UNIVERSITY OF CAMBRIDGE - FITZWILLIAM COLLEGE                    ,STOREY'S WAY                                      ,CAMBRIDGE           ,FC,ENGLAND             ,CB3  , ODG,8,5,2016,0,11,0,B,5,        ,11,1,2015,0,10,0,B,2014,0,12,0,B
10190,England,Cambridge,UNIVERSITY OF CAMBRIDGE CHURCHILL COLLEGE                        ,STOREY'S WAY                                      ,CAMBRIDGE           ,FC,ENGLAND             ,CB3  , 0DS,8,5,2016,0,13,0,B,5,        ,11,1,2015,0,12,0,B,2014,0,11,0,B
10332,England,Cambridge,UNIVERSITY OF CAMBRIDGE - CLARE COLLEGE                          ,TRINITY LANE                                      ,CAMBRIDGE           ,FC,ENGLAND             ,CB2 1,TL  ,8,5,2016,0,10,0,B,5,        ,11,1,2015,0,13,0,B,2014,0,17,0,B
11758,England,Cambridge,UNIVERSITY OF CAMBRIDGE - PETERHOUSE                             ,PETERHOUSE                         TRUMPINGTON STR,CAMBRIDGE           ,FC,ENGLAND             ,CB2  , 1RD,8,5,2016,0,7,0,B,5,        ,11,1,2015,0,6,0,B,2014,0,5,0,B
12101,England,Cambridge,UNIVERSITY OF CAMBRIDGE - GIRTON COLLEGE                         ,HUNTINGDON ROAD                                   ,CAMBRIDGE           ,FC,ENGLAND             ,CB3  , 0JG,8,5,2016,0,10,0,B,5,        ,11,1,2015,0,9,0,B,2014,0,11,0,B
12839,England,Cambridge,UNIVERSITY OF CAMBRIDGE - SAINT JOHN'S COLLEGE                   ,ST JOHN'S STREET                                  ,CAMBRIDGE           ,FC,ENGLAND             ,CB2  , 1TP,8,5,2016,0,12,0,B,5,        ,11,1,2015,0,15,0,B,2014,0,16,0,B
20524,England,Cambridge,UNIVERSITY OF CAMBRIDGE - DARWIN COLLEGE                         ,SILVER STREET                                     ,CAMBRIDGE           ,FC,ENGLAND             ,CB3  , 9EU,8,5,2016,0,21,0,B,5,        ,11,1,2015,0,23,0,B,2014,0,22,0,B
20824,England,Cambridge,UNIVERSITY OF CAMBRIDGE - QUEEN'S COLLEGE                        ,SILVER STREET                                     ,CAMBRIDGE           ,FC,ENGLAND             ,CB3  , 9ET,8,5,2016,0,17,0,P,5,        ,11,0,2015,0,17,0,P,2014,0,18,0,P
20834,England,Cambridge,UNIVERSITY OF CAMBRIDGE - WOLFSON COLLEGE                        ,BARTON ROAD                                       ,CAMBRIDGE           ,FC,ENGLAND             ,CB3  , 9BB,8,5,2016,1,18,5.5,B,5,        ,11,1,2015,2,25,8,B,2014,2,23,8.6,B
20874,England,Cambridge,UNIVERSITY OF CAMBRIDGE - NEWNHAM COLLEGE                        ,SIDGWICK AVENUE                                   ,CAMBRIDGE           ,FC,ENGLAND             ,CB3  , 9DF,8,5,2016,0,12,0,B,5,        ,11,1,2015,0,12,0,B,2014,0,9,0,B
20944,England,Cambridge,UNIVERSITY OF CAMBRIDGE - ST EDMUND'S COLLEGE                    ,MOUNT PLEASANT                                    ,CAMBRIDGE           ,FC,ENGLAND             ,CB3  , 0BN,8,5,2016,1,23,4.3,B,5,        ,11,1,2015,1,29,3.4,B,2014,1,29,3.4,B
21167,England,Cambridge,UNIVERSITY OF CAMBRIDGE - LUCY CAVENDISH COLLEGE                 ,LADY MARGARET ROAD                                ,CAMBRIDGE           ,FC,ENGLAND             ,CB3  , 0BU,8,5,2016,0,13,0,B,5,        ,11,1,2015,0,13,0,B,2014,0,20,0,B
21334,England,Cambridge,UNIVERSITY OF CAMBRIDGE - SIDNEY SUSSEX COLLEGE                  ,SIDNEY STREET                                     ,CAMBRIDGE           ,FC,ENGLAND             ,CB2  , 3HU,8,5,2016,0,14,0,B,5,        ,11,1,2015,0,9,0,B,2014,1,11,9,B
21674,England,Cambridge,UNIVERSITY OF CAMBRIDGE - CORPUS CHRISTI COLLEGE                 ,TRUMPINGTON STREET                                ,CAMBRIDGE           ,FC,ENGLAND             ,CB2  , 1RH,8,5,2016,0,8,0,B,5,        ,11,1,2015,0,7,0,B,2014,0,6,0,B
21777,England,Cambridge,UNIVERSITY OF CAMBRIDGE - KING'S COLLEGE                         ,KING'S PARADE                                     ,CAMBRIDGE           ,FC,ENGLAND             ,CB2  , 1ST,8,5,2016,0,12,0,B,5,        ,11,1,2015,0,14,0,B,2014,0,10,0,B
21860,England,Cambridge,UNIVERSITY OF CAMBRIDGE - MAGDALENE COLLEGE                      ,MAGDALENE STREET                                  ,CAMBRIDGE           ,FC,ENGLAND             ,CB3  , 0AG,8,5,2016,0,3,0,B,5,        ,11,1,2015,0,5,0,B,2014,0,4,0,B
22123,England,Cambridge,UNIVERSITY OF CAMBRIDGE - ROBINSON COLLEGE                       ,GRANGE ROAD                                       ,CAMBRIDGE           ,FC,ENGLAND             ,CB3  , 9AN,8,5,2016,0,2,0,B,5,        ,11,1,2015,,,,,2014,0,5,0,B
22321,England,Cambridge,UNIVERSITY OF CAMBRIDGE - HUGHES HALL                            ,WOLLASTON ROAD                                    ,CAMBRIDGE           ,FC,ENGLAND             ,CB1  , 2EW,8,5,2016,1,22,4.5,B,5,        ,11,1,2015,1,27,3.7,B,2014,1,33,3,B
22717,England,Cambridge,UNIVERSITY OF CAMBRIDGE - CLARE HALL                             ,HERSCHEL ROAD                                     ,CAMBRIDGE           ,FC,ENGLAND             ,CB3  , 9AL,8,5,2016,0,8,0,B,5,        ,11,1,2015,0,10,0,B,2014,0,13,0,B
22963,England,Cambridge,UNIVERSITY OF CAMBRIDGE - JESUS COLLEGE                          ,JESUS LANE                                        ,CAMBRIDGE           ,FC,ENGLAND             ,CB5  , 8BL,8,5,2016,0,12,0,B,5,        ,11,1,2015,0,9,0,B,2014,0,11,0,B
23351,England,Cambridge,UNIVERSITY OF CAMBRIDGE - TRINITY HALL                           ,TRINITY LANE                                      ,CAMBRIDGE           ,FC,ENGLAND             ,CB2  , 1TJ,8,5,2016,1,10,10,B,5,        ,11,1,2015,0,11,0,B,2014,0,10,0,B
34924,England,Cambridge,UNIVERSITY OF CAMBRIDGE - ST. CATHARINE'S COLLEGE                ,TRUMPINGTON STREET                                ,CAMBRIDGE           ,FC,ENGLAND             ,CB2 1,RL  ,8,5,2016,0,5,0,B,5,        ,11,1,2015,0,6,0,B,2014,0,6,0,B
34944,England,Cambridge,UNIVERSITY OF CAMBRIDGE - SELWYN COLLEGE                         ,GRANGE ROAD                                       ,CAMBRIDGE           ,FC,ENGLAND             ,CB3 9,DQ  ,8,5,2016,0,9,0,B,5,        ,11,1,2015,0,8,0,B,2014,0,9,0,B
8665,England,Canterbury,UNIVERSITY OF KENT                                               ,THE REGISTRY                                      ,CANTERBURY          ,FC,ENGLAND             ,CT2 7,NZ  ,8,5,2016,3,54,5.5,A,5,        ,11,0,2015,6,68,8.8,A,2014,1,49,2,A
34353,England,Chelmsford,ANGLIA  RUSKIN UNIVERSITY                                        ,BISHOP HALL LANE                                  ,CHELMSFORD          ,FC,ENGLAND             ,CM1 1,SQ  ,8,5,2016,0,22,0,B,5,        ,11,1,2015,0,16,0,B,2014,0,11,0,B
8687,England,Colchester,UNIVERSITY OF ESSEX                                              ,WIVENHOE PARK                                     ,COLCHESTER          ,FC,ENGLAND             ,CO4  , 3SQ,8,5,2016,2,47,4.2,A,5,        ,11,0,2015,0,36,0,A,2014,4,36,11.1,A
8380,England,Coventry,UNIVERSITY OF WARWICK                                            ,UNIVERSITY HOUSE                   KIRBY CORNER RO,COVENTRY            ,FC,ENGLAND             ,CV4 8,UW  ,8,5,2016,3,49,6.1,B,5,        ,11,1,2015,3,55,5.4,B,2014,3,69,4.3,B
37283,England,Derby,UNIVERSITY OF DERBY                                              ,KEDLESTON ROAD                                    ,DERBY               ,FC,ENGLAND             ,DE22 ,1GB ,8,5,2016,2,5,40,B,5,        ,11,1,2015,0,3,0,B,2014,0,1,0,B
8587,England,Durham,UNIVERSITY OF DURHAM                                             ,THE PALATINE CENTRE                STOCKTON ROAD  ,DURHAM              ,FC,ENGLAND             ,DH1 3,LE  ,8,5,2016,1,94,1,A,5,        ,11,0,2015,1,83,1.2,A,2014,3,114,2.6,A
9086,England,Egham,UNIVERSITY OF LONDON - ROYAL HOLLOWAY                            ,EGHAM HILL                                        ,EGHAM               ,FC,ENGLAND             ,TW20 , 0EX,8,5,2016,0,35,0,A,5,        ,11,0,2015,3,36,8.3,A,2014,1,40,2.5,A
9442,England,Exeter,UNIVERSITY OF EXETER                                             ,THE QUEEN'S DRIVE                                 ,EXETER              ,FC,ENGLAND             ,EX4  , 4QJ,8,5,2016,3,90,3.3,B,5,        ,11,1,2015,1,37,2.7,A,2014,2,91,2.1,B
38594,England,Falmouth,FALMOUTH UNIVERSITY                                              ,WOODLANE                                          ,FALMOUTH            ,FC,ENGLAND             ,TR11 ,4RH ,8,5,2016,1,18,5.5,B,5,        ,11,1,2015,1,11,9,B,2014,1,9,11.1,B
23389,England,Farnham,UNIVERSITY FOR THE CREATIVE ARTS                                 ,FALKNER ROAD                                      ,FARNHAM             ,FC,ENGLAND             ,GU9 7,DS  ,8,5,2016,1,7,14.2,P,5,        ,11,0,2015,0,5,0,P,2014,0,3,0,P
10520,England,Greenwich,TRINITY LABAN CONSERVATOIRE OF MUSIC AND DANCE                   ,KING CHARLES COURT                 OLD ROYAL NAVAL,GREENWICH           ,FC,ENGLAND             ,SE10 ,9JF ,8,5,2016,0,23,0,P,5,        ,11,0,2015,0,26,0,P,2014,1,32,3.1,P
9860,England,Guildford,UNIVERSITY OF SURREY                                             ,STAG HILL                                         ,GUILDFORD           ,FC,ENGLAND             ,GU2 7,XH  ,8,5,2016,0,37,0,P,5,        ,11,0,2015,0,39,0,P,2014,0,41,0,P
10525,England,Hatfield,UNIVERSITY OF HERTFORDSHIRE                                      ,COLLEGE LANE                                      ,HATFIELD            ,FC,ENGLAND             ,AL10 ,9AB ,8,5,2016,0,19,0,B,5,        ,11,1,2015,0,17,0,B,2014,1,17,5.8,B
20879,England,Headington,OXFORD BROOKES UNIVERSITY                                        ,GIPSY LANE                                        ,HEADINGTON          ,FC,ENGLAND             ,OX3  , 0BP,8,5,2016,0,37,0,A,5,        ,11,0,2015,1,34,2.9,A,2014,1,89,1.1,B
12978,England,Huddersfield,UNIVERSITY OF HUDDERSFIELD (THE)                                 ,QUEENSGATE                                        ,HUDDERSFIELD        ,FC,ENGLAND             ,HD1  , 3DH,8,5,2016,0,13,0,B,5,        ,11,1,2015,0,15,0,B,2014,0,15,0,B
8910,England,Hull,UNIVERSITY OF HULL                                               ,COTTINGHAM ROAD                                   ,HULL                ,FC,ENGLAND             ,HU6 7,RX  ,8,5,2016,1,11,9,B,5,        ,11,1,2015,1,12,8.3,B,2014,1,13,7.6,B
30294,England,Keele,UNIVERSITY OF KEELE                                              ,KEELE UNIVERSITY                                  ,KEELE               ,FC,ENGLAND             ,ST5 5,BG  ,8,5,2016,0,11,0,B,5,        ,11,1,2015,0,6,0,B,2014,0,6,0,B
10816,England,Kingston Upon Thames,KINGSTON UNIVERSITY                                              ,RIVER HOUSE                        53 - 57 HIGH ST,KINGSTON UPON THAMES,FC,ENGLAND             ,KT1 1,LQ  ,8,5,2016,2,86,2.3,A,5,        ,11,0,2015,3,73,4.1,A,2014,5,76,6.5,A
35153,England,Lancashire,UNIVERSITY OF CENTRAL LANCASHIRE                                 ,PRESTON                                           ,LANCASHIRE          ,FC,ENGLAND             ,PR1 2,HE  ,8,5,2016,0,25,0,B,5,        ,11,1,2015,0,13,0,B,2014,0,20,0,B
9444,England,Lancaster,UNIVERSITY OF LANCASTER                                          ,UNIVERSITY HOUSE                   BAILRIGG       ,LANCASTER           ,FC,ENGLAND             ,LA1 4,YW  ,8,5,2016,1,22,4.5,B,5,        ,11,1,2015,1,21,4.7,B,2014,0,18,0,B
6692,England,Leeds,UNIVERSITY OF LEEDS                                              ,WOODHOUSE LANE                                    ,LEEDS               ,FC,ENGLAND             ,LS2 9,JT  ,8,5,2016,4,53,7.5,A,5,        ,11,0,2015,2,35,5.7,A,2014,1,33,3,A
35014,England,Leeds,LEEDS BECKETT UNIVERSITY                                         ,THE ROSE BOWL                      PORTLAND CRESCE,LEEDS               ,FC,ENGLAND             ,LS1 3,HB  ,8,5,2016,2,42,4.7,B,5,        ,11,1,2015,2,33,6,B,2014,0,17,0,B
22291,England,Leicester,UNIVERSITY OF LEICESTER                                          ,UNIVERSITY ROAD                                   ,LEICESTER           ,FC,ENGLAND             ,LE1 7,RH  ,8,5,2016,0,32,0,A,5,        ,11,0,2015,2,60,3.3,B,2014,3,63,4.7,B
23105,England,Leicester,DE MONTFORT UNIVERSITY                                           ,THE GATEWAY                                       ,LEICESTER           ,FC,ENGLAND             ,LE1 9,BH  ,8,5,2016,2,12,16.6,B,5,        ,11,1,2015,1,7,14.2,B,2014,1,6,16.6,B
36844,England,Lincoln,UNIVERSITY OF LINCOLN                                            ,BRAYFORD POOL                                     ,LINCOLN             ,FC,ENGLAND             ,LN6 7,TS  ,8,5,2016,2,24,8.3,B,5,        ,11,1,2015,1,20,5,B,2014,0,18,0,B
9249,England,Liverpool,UNIVERSITY OF LIVERPOOL (THE)                                    ,FOUNDATION BUILDING                BROWNLOW HILL  ,LIVERPOOL           ,FC,ENGLAND             ,L69  , 7ZX,8,5,2016,2,59,3.3,B,5,        ,11,1,2015,2,56,3.5,B,2014,2,47,4.2,B
32873,England,Liverpool,LIVERPOOL INSTITUTE FOR PERFORMING ARTS (THE)                    ,MOUNT STREET                                      ,LIVERPOOL           ,FC,ENGLAND             ,L1 9H,F   ,8,5,2016,0,14,0,B,5,        ,11,1,2015,1,22,4.5,B,2014,2,30,6.6,B
35803,England,Liverpool,LIVERPOOL JOHN MOORES UNIVERSITY                                 ,EGERTON COURT                      2 RODNEY STREET,LIVERPOOL           ,FC,ENGLAND             ,L1 2U,A   ,8,5,2016,1,9,11.1,B,5,        ,11,1,2015,1,10,10,B,2014,0,10,0,B
41159,England,Liverpool,LIVERPOOL HOPE UNIVERSITY                                        ,HOPE PARK                          TAGGART AVE    ,LIVERPOOL           ,FC,ENGLAND             ,L16 9,JD  ,8,5,2016,1,11,9,B,5,        ,11,1,2015,0,13,0,B,2014,0,11,0,B
6693,England,London,UNIVERSITY OF LONDON - LONDON SCHOOL OF ECONOMICS & POLITICAL SCI,HOUGHTON STREET                                   ,LONDON              ,FC,ENGLAND             ,WC2A ,2AE ,8,5,2016,3,129,2.3,A,5,        ,11,0,2015,5,348,1.4,A,2014,1,227,0.4,A
6694,England,London,UNIVERSITY OF LONDON - SCHOOL OF ORIENTAL & AFRICAN STUDIES      ,THORNHAUGH STREET RUSSELL SQUARE                  ,LONDON              ,FC,ENGLAND             ,WC1H , 0XG,8,5,2016,7,68,10.2,A,5,        ,11,0,2015,2,66,3,A,2014,2,70,2.8,A
6695,England,London,UNIVERSITY OF LONDON - UNIVERSITY COLLEGE LONDON                 ,GOWER STREET                                      ,LONDON              ,FC,ENGLAND             ,WC1E , 6BT,8,5,2016,5,232,2.1,P,5,        ,11,0,2015,6,217,2.7,P,2014,3,198,1.5,P
6696,England,London,UNIVERSITY OF LONDON - SCHOOL OF ADVANCED STUDY                  ,SENATE HOUSE                       MALET STREET   ,LONDON              ,FC,ENGLAND             ,WC1E ,7HU ,8,5,2016,0,9,0,P,5,        ,11,0,2015,0,16,0,P,2014,0,21,0,P
6697,England,London,QUEEN MARY UNIVERSITY OF LONDON                                  ,MILE END ROAD                                     ,LONDON              ,FC,ENGLAND             ,E1 4N,S   ,8,5,2016,0,38,0,A,5,        ,11,0,2015,2,31,6.4,A,2014,0,43,0,A
8693,England,London,"CITY, UNIVERSITY OF LONDON                                       ",10 NORTHAMPTON SQUARE                             ,LONDON              ,FC,ENGLAND             ,EC1V ,0HB ,8,5,2016,1,68,1.4,A,5,        ,11,0,2015,1,58,1.7,A,2014,3,82,3.6,A
9084,England,London,"UNIVERSITY OF LONDON, BIRKBECK                                   ",MALET STREET                                      ,LONDON              ,FC,ENGLAND             ,WC1 E,7HX ,8,5,2016,2,41,4.8,A,5,        ,11,0,2015,2,100,2,B,2014,2,39,5.1,A
9085,England,London,KING'S COLLEGE LONDON                                            ,"7TH FLOOR, JAMES CLERK MAXWELL BLDG57 WATERLOO ROA",LONDON              ,FC,ENGLAND             ,SE1 8,WA  ,8,5,2016,2,183,1,A,5,        ,11,0,2015,2,153,1.3,A,2014,2,163,1.2,A
9423,England,London,ROYAL COLLEGE OF ART                                             ,KENSINGTON GORE                                   ,LONDON              ,FC,ENGLAND             ,SW7 2,EU  ,8,5,2016,2,42,4.7,B,5,        ,11,1,2015,2,37,5.4,B,2014,1,28,3.5,B
10089,England,London,ROYAL CENTRAL SCHOOL OF SPEECH AND DRAMA (THE)                   ,EMBASSY THEATRE                    64 ETON AVENUE ,LONDON              ,FC,ENGLAND             ,NW3  , 3HY,8,5,2016,2,41,4.8,A,5,        ,11,0,2015,2,67,2.9,B,2014,6,83,7.2,B
10574,England,London,LONDON FILM SCHOOL                                               ,24 SHELTON STREET                                 ,LONDON              ,FC,ENGLAND             ,WC2H , 9UB,8,6,2016,0,22,0,B,5,        ,11,1,2015,0,20,0,B,2014,0,22,0,B
11567,England,London,IMPERIAL COLLEGE LONDON                                          ,SOUTH KENSINGTON CAMPUS            EXHIBITION ROAD,LONDON              ,FC,ENGLAND             ,SW7 2,AZ  ,8,5,2016,1,83,1.2,B,5,        ,11,1,2015,1,34,2.9,A,2014,1,77,1.2,B
11764,England,London,ROYAL ACADEMY OF MUSIC                                           ,MARYLEBONE ROAD                                   ,LONDON              ,FC,ENGLAND             ,NW1 5,HT  ,8,5,2016,0,28,0,B,5,        ,11,1,2015,0,27,0,B,2014,0,26,0,B
11765,England,London,GOLDSMITHS COLLEGE - UNIVERSITY OF LONDON                        ,NEW CROSS                                         ,LONDON              ,FC,ENGLAND             ,SE14 , 6NW,8,5,2016,2,73,2.7,A,5,        ,11,0,2015,3,62,4.8,A,2014,2,73,2.7,A
12335,England,London,ROYAL COLLEGE OF MUSIC                                           ,PRINCE CONSORT ROAD                               ,LONDON              ,FC,ENGLAND             ,SW7 2,BS  ,8,5,2016,0,25,0,B,5,        ,11,1,2015,0,21,0,B,2014,1,19,5.2,B
20955,England,London,UNIVERSITY OF LONDON - LONDON BUSINESS SCHOOL                    ,REGENT'S PARK                                     ,LONDON              ,FC,ENGLAND             ,NW1 4,SA  ,8,5,2016,0,108,0,B,5,        ,11,1,2015,0,44,0,A,2014,0,44,0,A
21019,England,London,ROEHAMPTON UNIVERSITY                                            ,GROVE HOUSE                        ROEHAMPTON LANE,LONDON              ,FC,ENGLAND             ,SW15 ,5PJ ,8,5,2016,2,59,3.3,B,5,        ,11,1,2015,1,59,1.6,B,2014,0,57,0,B
21086,England,London,LONDON ACADEMY OF MUSIC & DRAMATIC ART                           ,155 TALGARTH ROAD                                 ,LONDON              ,FC,ENGLAND             ,W14 9,DA  ,8,6,2016,0,29,0,B,5,        ,11,1,2015,0,13,0,B,2014,1,16,6.2,B
21200,England,London,UNIVERSITY OF LONDON - THE COURTAULD INSTITUTE OF ART            ,SOMERSET HOUSE                     STRAND         ,LONDON              ,FC,ENGLAND             ,WC2R ,0RN ,8,5,2016,1,58,1.7,B,5,        ,11,1,2015,0,52,0,B,2014,0,56,0,B
21805,England,London,MIDDLESEX UNIVERSITY                                             ,THE BURROUGHS                      HENDON         ,LONDON              ,FC,ENGLAND             ,NW4 4,BT  ,8,5,2016,2,64,3.1,B,5,        ,11,1,2015,2,33,6,A,2014,2,55,3.6,B
21951,England,London,UNIVERSITY OF WESTMINSTER                                        ,309 REGENT STREET                                 ,LONDON              ,FC,ENGLAND             ,W1R 8,AL  ,8,5,2016,2,39,5.1,A,5,        ,11,0,2015,2,35,5.7,A,2014,3,48,6.2,A
21967,England,London,GUILDHALL SCHOOL OF MUSIC & DRAMA                                ,SILK STREET                        BARBICAN       ,LONDON              ,FC,ENGLAND             ,EC2Y , 8DT,8,5,2016,0,7,0,B,5,        ,11,1,2015,0,9,0,B,2014,0,12,0,B
22100,England,London,UNIVERSITY OF LONDON - LONDON SCHOOL OF HYGIENE & TROPICAL MEDICI,KEPPEL STREET                                     ,LONDON              ,FC,ENGLAND             ,WC1E ,7HT ,8,5,2016,0,43,0,A,5,        ,11,0,2015,0,90,0,B,2014,0,33,0,A
22353,England,London,LONDON METROPOLITAN UNIVERSITY                                   ,166-220 HOLLOWAY ROAD                             ,LONDON              ,FC,ENGLAND             ,N7 8D,B   ,8,5,2016,1,49,2,P,5,        ,11,0,2015,2,63,3.1,P,2014,2,96,2,P
22666,England,London,ST GEORGE'S HOSPITAL MEDICAL SCHOOL                              ,CRANMER TERRACE                    TOOTING        ,LONDON              ,FC,ENGLAND             ,SW17 , 0RE,8,5,2016,0,3,0,B,5,        ,11,1,2015,,,,,2014,0,4,0,B
30450,England,London,UNIVERSITY OF EAST LONDON                                        ,4 - 6 UNIVERSITY WAY                              ,LONDON              ,FC,ENGLAND             ,E16 2,RD  ,8,5,2016,1,58,1.7,B,5,        ,11,1,2015,2,52,3.8,B,2014,2,47,4.2,B
33523,England,London,LONDON SOUTH BANK UNIVERSITY                                     ,103 BOROUGH ROAD                                  ,LONDON              ,FC,ENGLAND             ,SE1 0,AA  ,8,5,2016,0,21,0,B,5,        ,11,1,2015,0,20,0,B,2014,0,22,0,B
34733,England,London,UNIVERSITY OF THE ARTS LONDON                                    ,272 HIGH HOLBORN                                  ,LONDON              ,FC,ENGLAND             ,WC1V ,7EY ,8,5,2016,7,150,4.6,P,5,        ,11,0,2015,13,169,7.6,P,2014,8,201,3.9,P
36193,England,London,UNIVERSITY OF GREENWICH                                          ,PARK ROW                           GREENWICH      ,LONDON              ,FC,ENGLAND             ,SE10 ,9LS ,8,5,2016,3,40,7.5,B,5,        ,11,1,2015,5,47,10.6,B,2014,5,39,12.8,B
38243,England,London,"ROYAL VETERINARY COLLEGE (THE), UNIVERSITY OF LONDON             ",ROYAL COLLEGE STREET                              ,LONDON              ,FC,ENGLAND             ,NW1 0,TU  ,8,5,2016,1,43,2.3,A,5,        ,11,0,2015,1,38,2.6,A,2014,0,56,0,B
8458,England,Loughborough,LOUGHBOROUGH UNIVERSITY                                          ,ASHBY ROAD                                        ,LOUGHBOROUGH        ,FC,ENGLAND             ,LE11 , 3TU,8,5,2016,0,19,0,B,5,        ,11,1,2015,0,14,0,B,2014,0,8,0,B
12136,England,Manchester,UNIVERSITY OF MANCHESTER (THE)                                   ,OXFORD ROAD                                       ,MANCHESTER          ,FC,ENGLAND             ,M13  , 9PL,8,5,2016,1,57,1.7,P,5,        ,11,0,2015,3,49,6.1,P,2014,0,71,0,P
23205,England,Manchester,ROYAL NORTHERN COLLEGE OF MUSIC                                  ,124 OXFORD ROAD                                   ,MANCHESTER          ,FC,ENGLAND             ,M13 9,RD  ,8,5,2016,0,12,0,B,5,        ,11,1,2015,0,13,0,B,2014,0,11,0,B
30333,England,Manchester,MANCHESTER METROPOLITAN UNIVERSITY                               ,ALL SAINTS BUIDING                 OXFORD ROAD    ,MANCHESTER          ,FC,ENGLAND             ,M15 6,BH  ,8,5,2016,4,32,12.5,B,5,        ,11,1,2015,4,41,9.7,B,2014,4,31,12.9,B
37703,England,Manchester,NAZARENE THEOLOGICAL COLLEGE                                     ,"DENE ROAD, DIDSBURY                               ",MANCHESTER          ,FC,ENGLAND             ,M2O 2,GU  ,8,6,2016,0,6,0,B,5,        ,11,1,2015,1,10,10,B,2014,1,10,10,B
11780,England,Middlesex,BRUNEL UNIVERSITY LONDON                                         ,UXBRIDGE                                          ,MIDDLESEX           ,FC,ENGLAND             ,UB8  , 3PH,8,5,2016,4,37,10.8,B,5,        ,11,1,2015,3,35,8.5,B,2014,3,27,11.1,B
8460,England,Newcastle Upon Tyne,UNIVERSITY OF NEWCASTLE UPON TYNE                                ,KING'S GATE                                       ,NEWCASTLE UPON TYNE ,FC,ENGLAND             ,NE1  , 7RU,8,5,2016,2,41,4.8,A,5,        ,11,0,2015,0,38,0,A,2014,1,53,1.8,A
30295,England,Newcastle Upon Tyne,UNIVERSITY OF NORTHUMBRIA AT NEWCASTLE                           ,ELLISON BUILDING                                  ,NEWCASTLE UPON TYNE ,FC,ENGLAND             ,NE1 8,ST  ,8,5,2016,1,30,3.3,B,5,        ,11,1,2015,2,30,6.6,B,2014,3,31,9.6,B
10915,England,Norwich,UNIVERSITY OF EAST ANGLIA                                        ,NORWICH RESEARCH PARK                             ,NORWICH             ,FC,ENGLAND             ,NR4 7,TJ  ,8,5,2016,1,32,3.1,A,5,        ,11,0,2015,0,76,0,B,2014,1,81,1.2,B
8920,England,Nottingham,UNIVERSITY OF NOTTINGHAM                                         ,UNIVERSITY PARK                                   ,NOTTINGHAM          ,FC,ENGLAND             ,NG7 2,RD  ,8,5,2016,3,31,9.6,A,5,        ,11,0,2015,1,90,1.1,B,2014,1,34,2.9,A
30925,England,Nottingham,NOTTINGHAM TRENT UNIVERSITY                                      ,50 SHAKESPEARE STREET                             ,NOTTINGHAM          ,FC,ENGLAND             ,NG1 4,FQ  ,8,5,2016,1,18,5.5,B,5,        ,11,1,2015,0,20,0,B,2014,0,16,0,B
8394,England,Oxford,UNIVERSITY OF OXFORD                                             ,UNIVERSITY OFFICES                 WELLINGTON SQUA,OXFORD              ,FC,ENGLAND             ,OX1  , 2JD,8,5,2016,1,85,1.1,B,5,        ,11,1,2015,0,36,0,A,2014,3,111,2.7,B
9634,England,Oxford,UNIVERSITY OF OXFORD - ST CATHERINE'S COLLEGE                    ,MANOR ROAD                                        ,OXFORD              ,FC,ENGLAND             ,OX1  , 3UJ,8,5,2016,0,13,0,B,5,        ,11,1,2015,0,14,0,B,2014,0,17,0,B
10087,England,Oxford,UNIVERSITY OF OXFORD - ST PETER'S COLLEGE                        ,NEW INN HALL STREET                               ,OXFORD              ,FC,ENGLAND             ,OX1  , 2DL,8,5,2016,0,10,0,B,5,        ,11,1,2015,0,7,0,B,2014,0,8,0,B
10789,England,Oxford,UNIVERSITY OF OXFORD - WORCESTER COLLEGE                         ,WALTON STREET                                     ,OXFORD              ,FC,ENGLAND             ,OX1  , 2HB,8,5,2016,0,9,0,B,5,        ,11,1,2015,0,7,0,B,2014,0,9,0,B
10866,England,Oxford,UNIVERSITY OF OXFORD - MAGDALEN COLLEGE                          ,HIGH STREET                                       ,OXFORD              ,FC,ENGLAND             ,OX1  , 4AU,8,5,2016,0,5,0,B,5,        ,11,1,2015,0,7,0,B,2014,0,5,0,B
10867,England,Oxford,UNIVERSITY OF OXFORD - ST JOHN'S COLLEGE                         ,ST. GILES                                         ,OXFORD              ,FC,ENGLAND             ,OX1  , 3JP,8,5,2016,0,3,0,P,5,        ,11,0,2015,0,2,0,P,2014,0,4,0,P
10942,England,Oxford,UNIVERSITY OF OXFORD - ST HUGH'S COLLEGE                         ,ST MARGARET'S ROAD                                ,OXFORD              ,FC,ENGLAND             ,OX2  , 6LE,8,5,2016,1,26,3.8,B,5,        ,11,1,2015,2,33,6,B,2014,2,27,7.4,B
10980,England,Oxford,UNIVERSITY OF OXFORD - SOMERVILLE COLLEGE                        ,WOODSTOCK ROAD                                    ,OXFORD              ,FC,ENGLAND             ,OX2  , 6HD,8,5,2016,0,9,0,B,5,        ,11,1,2015,0,8,0,B,2014,0,6,0,B
10999,England,Oxford,UNIVERSITY OF OXFORD - WADHAM COLLEGE                            ,PARKS ROAD                                        ,OXFORD              ,FC,ENGLAND             ,OX1  , 3PN,8,5,2016,0,5,0,B,5,        ,11,1,2015,0,5,0,B,2014,0,8,0,B
11053,England,Oxford,UNIVERSITY OF OXFORD - ST HILDA'S COLLEGE                        ,COWLEY PLACE                                      ,OXFORD              ,FC,ENGLAND             ,OX4  , 1DY,8,5,2016,0,13,0,B,5,        ,11,1,2015,0,18,0,B,2014,0,18,0,B
11054,England,Oxford,UNIVERSITY OF OXFORD - ST ANNE'S COLLEGE                         ,WOODSTOCK ROAD                                    ,OXFORD              ,FC,ENGLAND             ,OX2  , 6HS,8,5,2016,0,16,0,B,5,        ,11,1,2015,0,10,0,B,2014,0,12,0,B
11055,England,Oxford,UNIVERSITY OF OXFORD - LADY MARGARET HALL                        ,NORHAM GARDENS                                    ,OXFORD              ,FC,ENGLAND             ,OX2  , 6QA,8,5,2016,0,8,0,B,5,        ,11,1,2015,0,10,0,B,2014,0,11,0,B
11056,England,Oxford,UNIVERSITY OF OXFORD - UNIVERSITY COLLEGE                        ,HIGH STREET                                       ,OXFORD              ,FC,ENGLAND             ,OX1  , 4BH,8,5,2016,0,6,0,B,5,        ,11,1,2015,0,7,0,B,2014,0,11,0,B
11057,England,Oxford,UNIVERSITY OF OXFORD - TRINITY COLLEGE                           ,BROAD STREET                                      ,OXFORD              ,FC,ENGLAND             ,OX1  , 3BH,8,5,2016,0,11,0,P,5,        ,11,0,2015,0,9,0,P,2014,0,7,0,P
11058,England,Oxford,UNIVERSITY OF OXFORD - ST EDMUND HALL                            ,ST EDMUND HALL                     QUEEN'S LANE   ,OXFORD              ,FC,ENGLAND             ,OX1  , 4AR,8,5,2016,1,25,4,B,5,        ,11,1,2015,1,29,3.4,B,2014,0,25,0,B
11059,England,Oxford,UNIVERSITY OF OXFORD - ST ANTONY'S COLLEGE                       ,62 WOODSTOCK ROAD                                 ,OXFORD              ,FC,ENGLAND             ,OX2  , 6JF,8,5,2016,1,50,2,B,5,        ,11,1,2015,2,61,3.2,B,2014,2,57,3.5,B
11060,England,Oxford,UNIVERSITY OF OXFORD - QUEEN'S COLLEGE                           ,HIGH STREET                                       ,OXFORD              ,FC,ENGLAND             ,OX1  , 4AW,8,5,2016,0,8,0,B,5,        ,11,1,2015,,,,,2014,0,10,0,B
11061,England,Oxford,UNIVERSITY OF OXFORD - PEMBROKE COLLEGE                          ,ST. ALDATES                                       ,OXFORD              ,FC,ENGLAND             ,OX1  , 1DW,8,5,2016,1,16,6.2,B,5,        ,11,1,2015,1,14,7.1,B,2014,0,7,0,B
11062,England,Oxford,UNIVERSITY OF OXFORD - ORIEL COLLEGE                             ,ORIEL SQUARE                                      ,OXFORD              ,FC,ENGLAND             ,OX1  , 4EW,8,5,2016,0,19,0,B,5,        ,11,1,2015,0,17,0,B,2014,0,16,0,B
11064,England,Oxford,UNIVERSITY OF OXFORD - NEW COLLEGE                               ,HOLYWELL STREET                                   ,OXFORD              ,FC,ENGLAND             ,OX1  , 3BN,8,5,2016,0,9,0,B,5,        ,11,1,2015,0,9,0,B,2014,0,9,0,B
11065,England,Oxford,UNIVERSITY OF OXFORD - MERTON COLLEGE                            ,MERTON STREET                                     ,OXFORD              ,FC,ENGLAND             ,OX1  , 4JD,8,5,2016,0,11,0,B,5,        ,11,1,2015,0,5,0,B,2014,0,5,0,B
11066,England,Oxford,UNIVERSITY OF OXFORD - LINCOLN COLLEGE                           ,TURL STREET                                       ,OXFORD              ,FC,ENGLAND             ,OX1  , 3DR,8,5,2016,0,19,0,B,5,        ,11,1,2015,0,19,0,B,2014,0,19,0,B
11067,England,Oxford,UNIVERSITY OF OXFORD - KEBLE COLLEGE                             ,PARKS ROAD                                        ,OXFORD              ,FC,ENGLAND             ,OX1  , 3PG,8,5,2016,0,11,0,B,5,        ,11,1,2015,0,15,0,B,2014,0,19,0,B
11068,England,Oxford,UNIVERSITY OF OXFORD - JESUS COLLEGE                             ,TURL STREET                                       ,OXFORD              ,FC,ENGLAND             ,OX1  , 3DW,8,5,2016,0,8,0,B,5,        ,11,1,2015,0,9,0,B,2014,0,11,0,B
11069,England,Oxford,UNIVERSITY OF OXFORD - HERTFORD COLLEGE                          ,CATTE STREET                                      ,OXFORD              ,FC,ENGLAND             ,OX1  , 3BW,8,5,2016,1,14,7.1,B,5,        ,11,1,2015,1,17,5.8,B,2014,1,19,5.2,B
11070,England,Oxford,UNIVERSITY OF OXFORD - EXETER COLLEGE                            ,EXETER COLLEGE                     TURL STREET    ,OXFORD              ,FC,ENGLAND             ,OX1  , 3DP,8,5,2016,0,16,0,B,5,        ,11,1,2015,0,16,0,B,2014,0,18,0,B
11071,England,Oxford,UNIVERSITY OF OXFORD - CHRIST CHURCH COLLEGE                     ,ST ALDATES                                        ,OXFORD              ,FC,ENGLAND             ,OX1  , IDP,8,5,2016,1,12,8.3,B,5,        ,11,1,2015,0,10,0,B,2014,0,9,0,B
11072,England,Oxford,UNIVERSITY OF OXFORD - BRASENOSE COLLEGE                         ,RADCLIFFE SQUARE                                  ,OXFORD              ,FC,ENGLAND             ,OX1  , 4AJ,8,5,2016,0,7,0,B,5,        ,11,1,2015,,,,,2014,0,16,0,B
11838,England,Oxford,UNIVERSITY OF OXFORD - MANSFIELD COLLEGE                         ,MANSFIELD ROAD                                    ,OXFORD              ,FC,ENGLAND             ,OX1  , 3TF,8,5,2016,0,8,0,B,5,        ,11,1,2015,0,9,0,B,2014,0,6,0,B
12275,England,Oxford,UNIVERSITY OF OXFORD - WOLFSON COLLEGE                           ,LINTON ROAD                                       ,OXFORD              ,FC,ENGLAND             ,OX2  , 6UD,8,5,2016,0,36,0,B,5,        ,11,1,2015,0,34,0,B,2014,1,42,2.3,B
12765,England,Oxford,UNIVERSITY OF OXFORD - LINACRE COLLEGE                           ,ST CROSS ROAD                                     ,OXFORD              ,FC,ENGLAND             ,OX1 3,JA  ,8,5,2016,0,27,0,B,5,        ,11,1,2015,0,30,0,B,2014,0,26,0,B
21835,England,Oxford,UNIVERSITY OF OXFORD - WYCLIFFE HALL                             ,54 BANBURY ROAD                                   ,OXFORD              ,FC,ENGLAND             ,OX2  , 6PW,8,5,2016,0,7,0,B,5,        ,11,1,2015,0,5,0,B,2014,0,4,0,B
22719,England,Oxford,UNIVERSITY OF OXFORD - BLACKFRIARS                               ,64 ST. GILES                                      ,OXFORD              ,FC,ENGLAND             ,OX1  , 3LY,8,5,2016,1,8,12.5,B,5,        ,11,1,2015,1,5,20,B,2014,1,5,20,B
34923,England,Oxford,UNIVERSITY OF OXFORD - GREEN TEMPLETON COLLEGE                   ,WOODSTOCK ROAD                                    ,OXFORD              ,FC,ENGLAND             ,OX2 6,HG  ,8,5,2016,0,39,0,B,5,        ,11,1,2015,1,39,2.5,B,2014,2,43,4.6,B
34946,England,Oxford,UNIVERSITY OF OXFORD - HARRIS MANCHESTER COLLEGE                 ,MANSFIELD ROAD                                    ,OXFORD              ,FC,ENGLAND             ,OX1 3,TD  ,8,5,2016,0,7,0,B,5,        ,11,1,2015,0,6,0,B,2014,0,4,0,B
23521,England,Plymouth,UNIVERSITY OF PLYMOUTH                                           ,DRAKE CIRCUS                                      ,PLYMOUTH            ,FC,ENGLAND             ,PL4 8,AA  ,8,5,2016,0,9,0,B,5,        ,11,1,2015,0,5,0,B,2014,0,2,0,B
33503,England,Poole,BOURNEMOUTH UNIVERSITY                                           ,TALBOT CAMPUS                      FERN BARROW    ,POOLE               ,FC,ENGLAND             ,BH12 ,5BB ,8,5,2016,1,36,2.7,B,5,        ,11,1,2015,2,30,6.6,B,2014,3,33,9,B
35894,England,Poole,ARTS UNIVERSITY BOURNEMOUTH                                      ,WALLISDOWN                                        ,POOLE               ,FC,ENGLAND             ,BH12 ,5HH ,8,5,2016,2,16,12.5,B,5,        ,11,1,2015,1,11,9,B,2014,0,11,0,B
21159,England,Portsmouth,UNIVERSITY OF PORTSMOUTH                                         ,WINSTON CHURCHILL AVENUE                          ,PORTSMOUTH          ,FC,ENGLAND             ,PO1 2,UP  ,8,5,2016,2,22,9,B,5,        ,11,1,2015,2,20,10,B,2014,1,19,5.2,B
10143,England,Reading,UNIVERSITY OF READING                                            ,WHITEKNIGHTS                                      ,READING             ,FC,ENGLAND             ,RG6 6,AH  ,8,5,2016,2,54,3.7,B,5,        ,11,1,2015,3,49,6.1,B,2014,2,47,4.2,B
10594,England,Richmond Upon Thames,"RICHMOND, THE AMERICAN INTERNATIONAL UNIVERSITY IN LONDON        ",QUEENS ROAD                                       ,RICHMOND UPON THAMES,FC,ENGLAND             ,TW10 , 6JP,8,6,2016,4,87,4.5,A,5,        ,11,0,2015,5,86,5.8,A,2014,4,71,5.6,A
9006,England,Salford,UNIVERSITY OF SALFORD (THE)                                      ,PEEL PARK CAMPUS                   THE CRESCENT   ,SALFORD             ,FC,ENGLAND             ,M5 4W,T   ,8,5,2016,0,18,0,B,5,        ,11,1,2015,0,21,0,B,2014,0,17,0,B
8398,England,Sheffield,UNIVERSITY OF SHEFFIELD (THE)                                    ,WESTERN BANK                                      ,SHEFFIELD           ,FC,ENGLAND             ,SI0 2,TN  ,8,5,2016,3,100,3,B,5,        ,11,1,2015,1,33,3,A,2014,2,38,5.2,A
8399,England,Southampton,UNIVERSITY OF SOUTHAMPTON                                        ,HIGHFIELD                                         ,SOUTHAMPTON         ,FC,ENGLAND             ,S017 ,1BJ ,8,5,2016,4,64,6.2,B,5,        ,11,1,2015,3,67,4.4,B,2014,3,58,5.1,B
25616,England,Southampton,SOLENT UNIVERSITY                                                ,EAST PARK TERRACE                                 ,SOUTHAMPTON         ,FC,ENGLAND             ,SO14 ,0YN ,8,5,2016,2,11,18.1,B,5,        ,11,1,2015,1,10,10,B,2014,1,7,14.2,B
35073,England,Sunderland,UNIVERSITY OF SUNDERLAND                                         ,EDINBURGH BUILDING                 CHESTER ROAD   ,SUNDERLAND          ,FC,ENGLAND             ,SR1 3,SD  ,8,5,2016,1,6,16.6,B,5,        ,11,1,2015,1,3,33.3,B,2014,2,6,33.3,B
41437,England,Twickenham London,ST MARY'S UNIVERSITY TWICKENHAM                                  ,WALDEGRAVE ROAD                    STRAWBERRY HILL,TWICKENHAM LONDON   ,FC,ENGLAND             ,TW1 4,SX  ,8,5,2016,1,34,2.9,B,5,        ,11,1,2015,0,61,0,B,2014,0,109,0,B
21497,England,Winchester,UNIVERSITY OF WINCHESTER (THE)                                   ,SPARKFORD ROAD                     WEST HILL      ,WINCHESTER          ,FC,ENGLAND             ,S022 ,4NR ,8,5,2016,0,11,0,B,5,        ,11,1,2015,0,10,0,B,2014,0,10,0,B
6700,England,York,UNIVERSITY OF YORK                                               ,HESLINGTON                                        ,YORK                ,FC,ENGLAND             ,YO10 ,5DD ,8,5,2016,0,54,0,A,5,        ,11,0,2015,0,57,0,A,2014,3,51,5.8,A
40323,England,York,YORK ST JOHN UNIVERSITY                                          ,LORD MAYOR'S WALK                                 ,YORK                ,FC,ENGLAND             ,Y031 ,7EX ,8,5,2016,0,8,0,B,5,        ,11,1,2015,0,5,0,B,2014,0,6,0,B
30959,France,Cergy-Pontoise Cedex,ESSEC BUSINESS SCHOOL                                            ,"3, AVENUE BERNARD-HIRSCH - CS 50105               ",CERGY-PONTOISE CEDEX,FC,FRANCE              ,F-950,21,8,6,2016,1,15,6.6,P,5,        ,11,0,2015,1,18,5.5,P,2014,0,26,0,P
10472,France,Fontainebleau,INSEAD                                                           ,BOULEVARD DE CONSTANCE                            ,FONTAINEBLEAU       ,FC,FRANCE              ,77305,    ,8,6,2016,1,32,3.1,A,5,        ,11,0,2015,2,30,6.6,A,2014,0,33,0,A
35943,France,Grenoble,GRENOBLE ECOLE DE MANAGEMENT                                     ,12 RUE PIERRE SéMARD                              ,GRENOBLE            ,FC,FRANCE              ,38000,    ,8,6,2016,1,35,2.8,B,5,        ,11,1,2015,2,38,5.2,B,2014,2,48,4.1,B
38974,France,Illkirch-Graffenstad,INTERNATIONAL SPACE UNIVERSITY                                   ,"PARC D'INNOVATION                  1, RUE JEAN-DOM",ILLKIRCH-GRAFFENSTAD,FC,FRANCE              ,67400,    ,8,6,2016,1,10,10,B,5,        ,11,1,2015,1,12,8.3,B,2014,0,14,0,B
22934,France,Jouy-En-Josas,ECOLE DES HAUTES ETUDES COMMERCIALES                             ,1 RUE DE LA LIBERATION                            ,JOUY-EN-JOSAS       ,FC,FRANCE              ,78351,    ,8,6,2016,0,23,0,B,5,        ,11,1,2015,1,23,4.3,B,2014,1,39,2.5,B
7881,France,Paris,AMERICAN UNIVERSITY OF PARIS                                     ,102 SAINT DOMINQUE                                ,PARIS               ,FC,FRANCE              ,75007,    ,8,6,2016,4,67,5.9,A,5,        ,11,0,2015,8,88,9,A,2014,4,92,4.3,A
10599,France,Paris,INSTITUT D'ETUDES POLITIQUES DE PARIS                            ,"27, RUE SAINT-GUILLAUME                           ",PARIS               ,FC,FRANCE              ,75337,    ,8,5,2016,1,88,1.1,B,5,        ,11,1,2015,0,32,0,A,2014,2,79,2.5,B
38164,France,Paris,AMERICAN GRADUATE SCHOOL IN PARIS                                ,101 BOULEVARD RASPAIL                             ,PARIS               ,FC,FRANCE              ,75006,    ,8,6,2016,2,42,4.7,B,5,        ,11,1,2015,4,46,8.6,B,2014,3,58,5.1,B
41163,France,Roubaix Cedex 1,EDHEC BUSINESS SCHOOL                                            ,24 AVENUE GUSTAVE DELORY           CS 50411       ,ROUBAIX CEDEX 1     ,FC,FRANCE              ,59057,    ,8,6,2016,0,29,0,B,5,        ,11,1,2015,0,26,0,B,2014,0,25,0,B
41765,Germany,Berlin,ESMT EUROPEAN SCHOOL OF MANAGEMENT AND TECHNOLOGY GMBH           ,SCHLOSSPLATZ 1                                    ,BERLIN              ,FC,GERMANY             ,10178,    ,8,6,2016,0,7,0,B,5,        ,11,1,2015,0,5,0,B,2014,0,4,0,B
38183,Germany,Leipzig,HHL LEIPZIG GRADUATE SCHOOL OF MANAGEMENT                        ,JAHNALLEE 59                                      ,LEIPZIG             ,FC,GERMANY             ,D-041,9,8,6,2016,0,3,0,B,5,        ,11,1,2015,0,4,0,B,2014,0,9,0,B
22333,Grenada,St George'S Universi,"ST.  GEORGE'S UNIVERSITY, SCHOOL OF MEDICINE                     ",UNIVERSITY CENTRE                                 ,ST GEORGE'S UNIVERSI,FC,GRENADA             ,     ,    ,7,7,2016,7,761,0.9,A,5,        ,11,0,2015,9,882,1,A,2014,9,876,1,A
39743,Grenada,St.George'S,"ST. GEORGE'S UNIVERSITY, SCHOOL OF VETERINARY MEDICINE           ",UNIVERSITY CENTRE                                 ,ST.GEORGE'S         ,FC,GRENADA             ,     ,    ,7,7,2016,1,127,0.7,A,5,        ,11,0,2015,0,115,0,A,2014,0,81,0,A
3935,Guam,Mangilao,UNIVERSITY OF GUAM                                               ,UOG STATION                                       ,MANGILAO            ,GU,GUAM                                                        ,96923,0,8,1,2016,80,608,13.1,A,5,AL      ,9,0,2015,50,523,9.5,A,2014,58,501,11.5,A
40215,Hungary,Budapest,CENTRAL EUROPEAN UNIVERSITY                                      ,NADOR U. 9                                        ,BUDAPEST            ,FC,HUNGARY             ,H-105,1,8,6,2016,2,37,5.4,A,5,        ,11,0,2015,0,30,0,A,2014,4,94,4.2,B
30843,Ireland,Castletroy,UNIVERSITY OF LIMERICK                                           ,PLASSEY PARK ROAD                                 ,CASTLETROY          ,FC,IRELAND             ,V94 T,9PX ,8,5,2016,0,52,0,B,5,        ,11,1,2015,0,54,0,B,2014,1,48,2,B
6704,Ireland,Cork,UNIVERSITY COLLEGE CORK                                          ,WESTERN ROAD                                      ,CORK                ,FC,IRELAND             ,CORK ,    ,8,5,2016,2,64,3.1,B,5,        ,11,1,2015,0,60,0,B,2014,0,54,0,B
7705,Ireland,Dublin,ROYAL COLLEGE OF SURGEONS IN IRELAND                             ,123 ST STEPHEN'S GREEN                            ,DUBLIN              ,FC,IRELAND             ,2,    ,8,6,2016,1,41,2.4,B,5,        ,11,1,2015,0,49,0,B,2014,0,42,0,B
6842,Ireland,Dublin 2,UNIVERSITY OF DUBLIN TRINITY COLLEGE                             ,COLLEGE GREEN                                     ,DUBLIN 2            ,FC,IRELAND             ,     ,    ,8,5,2016,2,97,2,A,5,        ,11,0,2015,2,87,2.2,A,2014,1,67,1.4,A
40214,Ireland,Dublin 2,"AMERICAN COLLEGE, DUBLIN LIMITED (THE)                           ",1 MERRION SQUARE                                  ,DUBLIN 2            ,FC,IRELAND             ,     ,    ,8,6,2016,2,37,5.4,B,5,        ,11,1,2015,1,23,4.3,B,2014,2,12,16.6,B
10188,Ireland,Dublin 4,"UNIVERSITY COLLEGE DUBLIN, NATIONAL UNIVERSITY OF IRELAND, DUBLIN","UCD LEGAL OFFICE                   ROEBUCK CASTLE,",DUBLIN 4            ,FC,IRELAND             ,     ,    ,8,5,2016,4,99,4,A,5,        ,11,0,2015,1,91,1,A,2014,2,80,2.5,A
26117,Ireland,Dublin 9,DUBLIN CITY UNIVERSITY                                           ,"GLASNEVIN CAMPUS                   COLLINS AVENUE,",DUBLIN 9            ,FC,IRELAND             ,D9   ,    ,8,5,2016,0,24,0,B,5,        ,11,1,2015,0,22,0,B,2014,0,20,0,B
12766,Ireland,Galway,"NATIONAL UNIVERSITY OF IRELAND, GALWAY                           ",UNIVERSITY ROAD                                   ,GALWAY              ,FC,IRELAND             ,0,    ,8,5,2016,0,113,0,B,5,        ,11,1,2015,0,44,0,A,2014,0,41,0,A
10797,Ireland,Maynooth,"NATIONAL UNIVERSITY OF IRELAND, MAYNOOTH                         ",MAYNOOTH UNIVERSITY                               ,MAYNOOTH            ,FC,IRELAND             ,     ,    ,8,5,2016,1,25,4,B,5,        ,11,1,2015,2,23,8.6,B,2014,2,13,15.3,B
20941,Israel,Beer-Sheva,BEN-GURION UNIVERSITY OF THE NEGEV                               ,1 BEN-GURION BLVD..                               ,BEER-SHEVA          ,FC,ISRAEL              ,84105,1,7,5,2016,0,35,0,A,5,        ,11,0,2015,2,103,1.9,B,2014,0,42,0,A
9428,Israel,Haifa,TECHNION-ISRAEL INSTITUTE OF TECHNOLOGY                          ,"TECHNION CITY, MT. CARMEL                         ",HAIFA               ,FC,ISRAEL              ,32000,    ,8,5,2016,1,53,1.8,B,5,        ,11,1,2015,1,56,1.7,B,2014,1,61,1.6,B
10456,Israel,Haifa,UNIVERSITY OF HAIFA                                              ,199 ABA KHOUSHY AVE.                              ,HAIFA               ,FC,ISRAEL              ,34988,38,8,5,2016,1,33,3,B,5,        ,11,1,2015,1,17,5.8,B,2014,1,8,12.5,B
40703,Israel,Herzliya,"RAPHAEL RECANATI INTERNATIONAL SCHOOL, THE INTERDISCIPLINARY CENT",KANFEI NESHARIM STREET                            ,HERZLIYA            ,FC,ISRAEL              ,46150,    ,8,6,2016,2,30,6.6,A,5,        ,11,0,2015,1,48,2,A,2014,1,39,2.5,A
4012,Israel,Jerusalem,HEBREW UNIVERSITY OF JERUSALEM (THE)                             ,MOUNT SCOPUS                                      ,JERUSALEM           ,FC,ISRAEL              ,91905,    ,8,5,2016,1,66,1.5,B,5,        ,11,1,2015,0,80,0,B,2014,0,61,0,B
22296,Israel,Ramat Aviv,TEL AVIV UNIVERSITY SACKLER SCHOOL OF MEDICINE                   ,                                                  ,RAMAT AVIV          ,FC,ISRAEL              ,69978,    ,7,5,2016,0,33,0,A,5,        ,11,0,2015,0,36,0,A,2014,0,39,0,A
8373,Israel,Ramat-Aviv,TEL AVIV UNIVERSITY                                              ,CARTER BUILDING                                   ,RAMAT-AVIV          ,FC,ISRAEL              ,69978,    ,8,5,2016,0,50,0,A,5,        ,11,0,2015,0,61,0,A,2014,1,54,1.8,A
9143,Israel,Ramat-Gan,BAR-ILAN UNIVERSITY                                              ,RAMAT-GAN                                         ,RAMAT-GAN           ,FC,ISRAEL              ,52900,2,8,5,2016,2,11,18.1,B,5,        ,11,1,2015,0,11,0,B,2014,0,14,0,B
30501,Italy,Florence,STUDIO ARTS COLLEGE INTERNATIONAL                                ,PALAZZO DEI CARTELLONI             VIA SANT'ANTONI,FLORENCE            ,FC,ITALY               ,50123,    ,8,6,2016,1,35,2.8,B,5,        ,11,1,2015,1,32,3.1,B,2014,0,32,0,B
41391,Italy,Fr. Pollenzo - Bra,UNIVERSITA DEGLI STUDI DI SCIENZE GASTRONOMICHE                  ,"PIAZZA VITTORIO EMANUELE, 9                       ",FR. POLLENZO - BRA  ,FC,ITALY               ,12060,    ,8,6,2016,2,41,4.8,B,5,        ,11,1,2015,1,41,2.4,B,2014,1,36,2.7,B
30787,Italy,Milano,UNIVERSITA COMMERCIALE LUIGI BOCCONI                             ,VIA SARFATTI 25                                   ,MILANO              ,FC,ITALY               ,20136,    ,8,6,2016,1,9,11.1,B,5,        ,11,1,2015,0,2,0,B,2014,0,1,0,B
31025,Italy,Rome,AMERICAN UNIVERSITY OF ROME                                      ,VIA PIETRO ROSELLI 4                              ,ROME                ,FC,ITALY               ,153,    ,8,6,2016,3,32,9.3,A,5,        ,11,0,2015,7,75,9.3,B,2014,6,73,8.2,B
33293,Italy,Rome,JOHN CABOT UNIVERSITY                                            ,"VIA DELLA LUNGARA, 233                            ",ROME                ,FC,ITALY               ,165,    ,8,6,2016,3,46,6.5,A,5,        ,11,0,2015,4,34,11.7,A,2014,2,33,6,A
8371,Lebanon,Beirut,AMERICAN UNIVERSITY OF BEIRUT                                    ,BLISS STREET                                      ,BEIRUT              ,FC,LEBANON             ,44137,36,8,6,2016,1,34,2.9,A,5,        ,11,0,2015,2,32,6.2,A,2014,3,43,6.9,A
41133,Lebanon,Beirut,LEBANESE AMERICAN UNIVERSITY                                     ,MME CURIE STREET                   SNOUBRA        ,BEIRUT              ,FC,LEBANON             ,1102-,2801,8,6,2016,2,41,4.8,B,5,        ,11,1,2015,2,37,5.4,B,2014,0,18,0,B
20533,Mexico,Ensenada,CENTRO DE ESTUDIOS UNIVERSITARIOS XOCHICALCO                     ,CALLE SAN FRANCISCO NO. 1139       FRACCIONAMIENTO,ENSENADA            ,FC,MEXICO              ,22830,    ,7,6,2016,16,53,30.1,A,5,        ,11,0,2015,36,91,39.5,A,2014,24,84,28.5,A
8147,Mexico,Guadalajara,UNIVERSIDAD AUTONOMA DE GUADALAJARA                              ,AVENIDA PATRIA NO. 1201            LOMAS DEL VALLE,GUADALAJARA         ,FC,MEXICO              ,45100,    ,8,6,2016,5,411,1.2,A,5,        ,11,0,2015,2,178,1.1,A,2014,10,275,3.6,A
41839,Mexico,Mexicali,CETYS UNIVERSIDAD                                                ,"CLZ. CETYS S/N, COL. RIVERA                       ",MEXICALI            ,FC,MEXICO              ,21259,    ,8,6,2016,6,28,21.4,B,5,        ,11,1,2015,0,14,0,B,2014,0,5,0,B
10418,Mexico,Monterrey,INSTITUTO TECNOLOGICO Y DE ESTUDIOS SUPERIORES DE MONTERREY      ,AVE. EUGENIO GARZA SADA 2501 SUR   COLONIA TECNOLó,MONTERREY           ,FC,MEXICO              ,64849,    ,8,6,2016,10,52,19.2,B,5,        ,11,1,2015,4,55,7.2,B,2014,4,49,8.1,B
12421,New Zealand,Auckland,UNIVERSITY OF AUCKLAND (THE)                                     ,22 PRINCES STREET                  PRIVATE BAG 920,AUCKLAND            ,FC,NEW ZEALAND         ,1142,    ,8,5,2016,1,74,1.3,B,5,        ,11,1,2015,3,81,3.7,B,2014,5,86,5.8,B
21568,New Zealand,Dunedin,UNIVERSITY OF OTAGO                                              ,CLOCKTOWER BUILDING                LEITH STREET   ,DUNEDIN             ,FC,NEW ZEALAND         ,9016,    ,8,5,2016,1,35,2.8,B,5,        ,11,1,2015,1,35,2.8,B,2014,1,40,2.5,B
13153,New Zealand,Palmerston North,MASSEY UNIVERSITY                                                ,TENNENT DRIVE                      PRIVATE BAG 11-,PALMERSTON NORTH    ,FC,NEW ZEALAND         ,4744,    ,8,5,2016,2,62,3.2,B,5,        ,11,1,2015,4,74,5.4,B,2014,1,33,3,A
22736,Northern Ireland,Belfast,QUEEN'S UNIVERSITY OF BELFAST (THE)                              ,UNIVERSITY ROAD                                   ,BELFAST             ,FC,NORTHERN IRELAND    ,BT7 1,NN  ,8,5,2016,2,33,6,A,5,        ,11,0,2015,3,90,3.3,B,2014,5,101,4.9,B
25880,Northern Ireland,Coleraine,UNIVERSITY OF ULSTER                                             ,CROMORE ROAD                                      ,COLERAINE           ,FC,NORTHERN IRELAND    ,BT52 ,1SA ,8,5,2016,1,13,7.6,B,5,        ,11,1,2015,1,20,5,B,2014,0,23,0,B
20987,Philippines,Valenzuela City,FATIMA COLLEGE OF MEDICINE                                       ,120 MCARTHUR HIGHWAY                              ,VALENZUELA CITY     ,FC,PHILIPPINES         ,1405,    ,8,6,2016,0,18,0,B,5,        ,11,1,2015,0,26,0,B,2014,7,66,10.6,B
36845,Poland,Gdansk,MEDICAL UNIVERSITY OF GDANSK                                     ,3A M. SKLODOWSKIEJ-CURIE STREET                   ,GDANSK              ,FC,POLAND              ,80-21,0,8,5,2016,0,19,0,B,5,        ,11,1,2015,0,16,0,B,2014,0,11,0,B
12223,Poland,Krakow,JAGIELLONIAN UNIVERSITY MEDICAL COLLEGE                          ,UL. SW. ANNY 12                                   ,KRAKOW              ,FC,POLAND              ,31-00,8,8,5,2016,0,30,0,B,5,        ,11,1,2015,1,31,3.2,B,2014,1,38,2.6,B
35973,Poland,Krakow,JAGIELLONIAN UNIVERSITY                                          ,24 GOLEBIA                                        ,KRAKOW              ,FC,POLAND              ,31-00,7,8,5,2016,2,29,6.8,B,5,        ,11,1,2015,2,31,6.4,B,2014,2,38,5.2,B
33333,Poland,Lublin,MEDICAL UNIVERSITY OF LUBLIN                                     ,AL. RACLAWICKIE 1                                 ,LUBLIN              ,FC,POLAND              ,20-05,9,7,5,2016,5,79,6.3,A,5,        ,11,0,2015,3,54,5.5,A,2014,0,73,0,A
30917,Poland,Poznan,POZNAN UNIVERSITY OF MEDICAL SCIENCES                            ,UL. FREDRY 10                                     ,POZNAN              ,FC,POLAND              ,61- 7,1,8,5,2016,9,123,7.3,B,5,        ,11,1,2015,3,49,6.1,A,2014,2,52,3.8,A
5022,Puerto Rico,Bayamon,UNIVERSIDAD CENTRAL DE BAYAMON                                   ,AVE. ZAYA VERDE URB. LA MILAGROSA  BO HATO TEJAS  ,BAYAMON             ,PR,PUERTO RICO                                                 ,960,1725,8,2,2016,47,358,13.1,A,3,AL      ,2,0,2015,64,347,18.4,A,2014,55,332,16.5,A
5028,Puerto Rico,Bayamon,INTER AMERICAN UNIVERSITY OF PUERTO RICO - BAYAMON CAMPUS        ,CARRETERA 830 #500                 BARRIO CERRO GO,BAYAMON             ,PR,PUERTO RICO                                                 ,957,6257,8,2,2016,230,8340,2.7,P,5,AL      ,2,0,2015,1888,23686,7.9,P,2014,2716,25770,10.5,P
10975,Puerto Rico,Bayamon,UNIVERSITY OF PUERTO RICO BAYAMON TECHNICAL UNIVERSITY COLLEGE   ,NUMERO 170 CARRETERA 174           PARQUE INDUSTRI,BAYAMON             ,PR,PUERTO RICO                                                 ,959,1911,6,1,2016,4,151,2.6,A,5,AL      ,2,0,2015,13,153,8.4,A,2014,11,146,7.5,A
11941,Puerto Rico,Bayamon,AMERICAN UNIVERSITY OF PUERTO RICO                               ,ROAD 2 KM. 14  HATO TEJAS                         ,BAYAMON             ,PR,PUERTO RICO                                                 ,960,2037,8,2,2016,15,177,8.4,A,3,AL      ,2,0,2015,36,196,18.3,A,2014,46,247,18.6,A
12525,Puerto Rico,Bayamon,CARIBBEAN UNIVERSITY                                             ,ROAD 167 KM 21.2                   URB. FOREST HIL,BAYAMON             ,PR,PUERTO RICO                                                 ,960,493,8,2,2016,128,754,16.9,A,3,AL      ,2,0,2015,156,717,21.7,A,2014,217,914,23.7,A
21633,Puerto Rico,Bayamon,UNIVERSIDAD CENTRAL DEL CARIBE                                   ,AVENIDA LAUREL                     SANTA JUANITA  ,BAYAMON             ,PR,PUERTO RICO                                                 ,960,6032,8,2,2016,4,114,3.5,A,3,AL      ,2,0,2015,10,121,8.2,A,2014,5,108,4.6,A
22606,Puerto Rico,Bayamon,NATIONAL UNIVERSITY COLLEGE                                      ,NATIONAL COLLEGE BLDG       KM.11.2STATE  ROAD # 2,BAYAMON             ,PR,PUERTO RICO                                                 ,960,2036,8,3,2016,548,3266,16.7,A,5,AL      ,2,0,2015,762,3085,24.7,A,2014,454,2498,18.1,A
22977,Puerto Rico,Bayamon,AUTOMECA TECHNICAL COLLEGE                                       ,CARRETERA #2 KM.14.0 BO.HATO TEJAS                ,BAYAMON             ,PR,PUERTO RICO                                                 ,957,0,3,3,2016,83,638,13,P,5,AL      ,2,0,2015,77,417,18.4,P,2014,72,387,18.6,P
42510,Puerto Rico,Bayamon,INTER AMERICAN UNIVERSITY OF PUERTO RICO - SCHOOL OF OPTOMETRY   ,500 JOHN WILL HARRIS                              ,BAYAMON             ,PR,PUERTO RICO                                                 ,957,6257,7,2,2016,555,7367,7.5,B,5,0,2,1,2015,,,,,2014,2716,25770,10.5,P
25875,Puerto Rico,Cupey,UNIVERSIDAD ANA G. MéNDEZ - CUPEY CAMPUS                         ,"1399   ANA G MENDEZ AVENUE         CARR. 176, KM 0",CUPEY               ,PR,PUERTO RICO                                                 ,926,2602,8,2,2016,187,3806,4.9,A,3,AL      ,2,0,2015,263,3424,7.6,A,2014,242,3339,7.2,A
21651,Puerto Rico,Hato Rey,EDP UNIVERSITY OF PUERTO RICO                                    ,560 PONCE DE LEON AVENUE                          ,HATO REY            ,PR,PUERTO RICO                                                 ,919,2303,8,2,2016,13,671,1.9,A,5,AL      ,2,0,2015,10,392,2.5,A,2014,11,420,2.6,A
21664,Puerto Rico,Hato Rey,INSTITUTO DE BANCA Y COMERCIO                                    ,"PONCE DE LEON AVE. #61, 70, AND 72                ",HATO REY            ,PR,PUERTO RICO                                                 ,917,1102,5,3,2016,24,293,8.1,P,5,AL      ,2,0,2015,6,32,18.7,P,2014,15,135,11.1,P
31121,Puerto Rico,Hato Rey,DEWEY UNIVERSITY                                                 ,BARBOSA AVE. #427 (3RD FLOOR)  #425               ,HATO REY            ,PR,PUERTO RICO                                                 ,915,9538,8,2,2016,4,56,7.1,A,5,AL      ,2,0,2015,6,42,14.2,A,2014,5,25,20,B
37513,Puerto Rico,Hato Rey,ESCUELA HOTELERA DE SAN JUAN                                     ,229 GUAYAMA STREET                                ,HATO REY            ,PR,PUERTO RICO                                                 ,917,91,3,3,2016,14,175,8,A,5,AL      ,2,0,2015,8,96,8.3,A,2014,3,65,4.6,A
42509,Puerto Rico,Hato Rey,INTER AMERICAN UNIVERSITY OF PUERTO RICO - SCHOOL OF LAW         ,170 FEDERICO COSTA STREET                         ,HATO REY            ,PR,PUERTO RICO                                                 ,936,8351,8,2,2016,1,93,1,A,5,0,2,0,2015,1513,16416,9.2,B,2014,2716,25772,10.5,P
3944,Puerto Rico,Mayaguez,UNIVERSITY OF PUERTO RICO - MAYAGUEZ                             ,ROAD # 2 POST STREET ALFONSO VALDEZBOULEVARD      ,MAYAGUEZ            ,PR,PUERTO RICO                                                 ,680,0,8,1,2016,32,891,3.5,A,5,AL      ,2,0,2015,62,919,6.7,A,2014,49,862,5.6,A
5019,Puerto Rico,Mayaguez,UNIVERSIDAD ADVENTISTA DE LAS ANTILLAS                           ,CARR 106 KM 2.2                                   ,MAYAGUEZ            ,PR,PUERTO RICO                                                 ,681,118,8,2,2016,39,296,13.1,A,3,AL      ,2,0,2015,36,286,12.5,A,2014,42,265,15.8,A
23355,Puerto Rico,"St Just,Trujillo Alt",THEOLOGICAL UNIVERSITY OF THE CARIBBEAN                          ,"CARR, 848 K.O H.5                  CALLEJON MARQUE","ST JUST,TRUJILLO ALT",PR,PUERTO RICO                                                 ,978,901,8,2,2016,24,69,34.7,B,5,AL      ,2,1,2015,15,33,45.4,A,2014,6,19,31.5,B
9368,Scotland,Aberdeen,UNIVERSITY OF ABERDEEN                                           ,KING'S COLLEGE                                    ,ABERDEEN            ,FC,SCOTLAND            ,AB24 ,3FX ,8,5,2016,3,44,6.8,A,5,        ,11,0,2015,1,38,2.6,A,2014,1,41,2.4,A
31028,Scotland,Aberdeen,ROBERT GORDON UNIVERSITY                                         ,SCHOOLHILL                                        ,ABERDEEN            ,FC,SCOTLAND            ,AB10 ,  1F,8,5,2016,0,23,0,B,5,        ,11,1,2015,0,24,0,B,2014,0,22,0,B
10864,Scotland,Dundee,UNIVERSITY OF DUNDEE                                             ,NETHERGATE                                        ,DUNDEE              ,FC,SCOTLAND            ,DD1 4,HN  ,8,5,2016,3,54,5.5,B,5,        ,11,1,2015,3,48,6.2,B,2014,1,39,2.5,B
6839,Scotland,Edinburgh,UNIVERSITY OF EDINBURGH                                          ,"OLD COLLEGE, SOUTH BRIDGE                         ",EDINBURGH           ,FC,SCOTLAND            ,EH8 9,YL  ,8,5,2016,10,290,3.4,P,5,        ,11,0,2015,9,337,2.6,P,2014,4,293,1.3,P
22739,Scotland,Edinburgh,HERIOT-WATT UNIVERSITY                                           ,RICCARTON                                         ,EDINBURGH           ,FC,SCOTLAND            ,EH14 ,4AS ,8,5,2016,1,28,3.5,B,5,        ,11,1,2015,1,27,3.7,B,2014,1,26,3.8,B
33494,Scotland,Edinburgh,"QUEEN MARGARET UNIVERSITY, EDINBURGH                             ",QUEEN MARGARET UNIVERSITY DRIVE                   ,EDINBURGH           ,FC,SCOTLAND            ,EH21 ,6UU ,8,5,2016,0,20,0,B,5,        ,11,1,2015,0,20,0,B,2014,0,18,0,B
34184,Scotland,Edinburgh,EDINBURGH NAPIER UNIVERSITY                                      ,CRAIGLOCKHART CAMPUS               219 COLINTON RO,EDINBURGH           ,FC,SCOTLAND            ,EH14 ,1DJ ,8,5,2016,2,69,2.8,B,5,        ,11,1,2015,1,65,1.5,B,2014,2,51,3.9,B
8383,Scotland,Glasgow,UNIVERSITY OF GLASGOW                                            ,UNIVERSITY AVENUE                                 ,GLASGOW             ,FC,SCOTLAND            ,G12 8,QQ  ,8,5,2016,2,146,1.3,A,5,        ,11,0,2015,7,133,5.2,A,2014,3,98,3,A
9808,Scotland,Glasgow,"UNIVERSITY OF STRATHCLYDE, GLASGOW                               ",RICHMOND STREET                                   ,GLASGOW             ,FC,SCOTLAND            ,G1 1X,Q   ,8,5,2016,2,51,3.9,B,5,        ,11,1,2015,2,39,5.1,B,2014,1,30,3.3,B
25457,Scotland,Glasgow,GLASGOW SCHOOL OF ART                                            ,167 RENFREW STREET                                ,GLASGOW             ,FC,SCOTLAND            ,G3 6R,Q   ,8,5,2016,3,26,11.5,B,5,        ,11,1,2015,3,27,11.1,B,2014,2,37,5.4,B
30887,Scotland,Glasgow,ROYAL CONSERVATOIRE OF SCOTLAND                                  ,100 RENFREW STREET                                ,GLASGOW             ,FC,SCOTLAND            ,G2 3D,B   ,8,5,2016,5,41,12.1,B,5,        ,11,1,2015,4,41,9.7,B,2014,0,34,0,B
33423,Scotland,Glasgow,GLASGOW CALEDONIAN UNIVERSITY                                    ,REGISTRY                           70 COWCADDENS R,GLASGOW             ,FC,SCOTLAND            ,G4 0B,A   ,8,5,2016,0,20,0,B,5,        ,11,1,2015,0,7,0,B,2014,0,3,0,B
8461,Scotland,Saint Andrews,UNIVERSITY OF SAINT ANDREWS                                      ,OLD BURGH SCHOOL                   ABBEY WALK     ,SAINT ANDREWS       ,FC,SCOTLAND            ,KY16 ,9LB ,8,5,2016,3,137,2.1,A,5,        ,11,0,2015,2,109,1.8,A,2014,0,128,0,A
10228,Scotland,Stirling,UNIVERSITY OF STIRLING                                           ,AIRTHREY ROAD                                     ,STIRLING            ,FC,SCOTLAND            ,FK9 4,LA  ,8,5,2016,6,76,7.8,B,5,        ,11,1,2015,4,30,13.3,A,2014,2,64,3.1,B
10084,South Africa,"Cape Town, 8001",UNIVERSITY OF CAPE TOWN                                          ,LOVERS WALK                        RONDEBOSCH 7701,"CAPE TOWN, 8001     ",FC,SOUTH AFRICA        ,8001,    ,8,5,2016,3,56,5.3,B,5,        ,11,1,2015,3,61,4.9,B,2014,1,68,1.4,B
11214,South Africa,Johannesburg,UNIVERSITY OF THE WITWATERSRAND                                  ,1 JAN SMUTS AVE                    BRAAMFONTEIN   ,JOHANNESBURG        ,FC,SOUTH AFRICA        ,2001,    ,8,5,2016,0,4,0,B,5,        ,11,1,2015,0,3,0,B,2014,0,1,0,B
21623,Spain,Barcelona,"IESE BUSINESS SCHOOL, UNIVERSITY OF NAVARRA                      ","AVENIDA PEARSON, 21                               ",BARCELONA           ,FC,SPAIN               ,8034,    ,8,6,2016,0,52,0,B,5,        ,11,1,2015,0,59,0,B,2014,0,46,0,B
12540,Spain,Pamplona,UNIVERSIDAD DE NAVARRA                                           ,CARRETERA DE LA UNIVERSIDAD S/N                   ,PAMPLONA            ,FC,SPAIN               ,31009,    ,8,6,2016,2,25,8,B,5,        ,11,1,2015,2,18,11.1,B,2014,0,18,0,B
22779,St. Kitts-Nevis,Basseterre,ROSS UNIVERSITY SCHOOL OF VETERINARY MEDICINE                    ,WEST FARM-MAIN STREET                             ,BASSETERRE          ,FC,ST. KITTS-NEVIS     ,     ,    ,7,7,2016,5,386,1.2,A,5,        ,11,0,2015,3,383,0.7,A,2014,1,339,0.2,A
22444,St. Maarten,Cupecoy,AMERICAN UNIVERSITY OF THE CARIBBEAN                             ,#1 UNIVERSITY DRIVE AT JORDAN ROAD                ,CUPECOY             ,FC,ST. MAARTEN         ,     ,    ,7,7,2016,3,380,0.7,A,5,        ,11,0,2015,4,398,1,A,2014,5,395,1.2,A
10067,Sweden,Lund,LUND UNIVERSITY                                                  ,PARADISGATAN 2                                    ,LUND                ,FC,SWEDEN              ,221,0,8,5,2016,3,61,4.9,B,5,        ,11,1,2015,2,73,2.7,B,2014,1,89,1.1,B
6713,Sweden,Uppsala,UPPSALA UNIVERSITY                                               ,S:T OLOFSGATAN 10 B                               ,UPPSALA             ,FC,SWEDEN              ,     ,    ,8,5,2016,0,22,0,B,5,        ,11,1,2015,0,26,0,B,2014,1,28,3.5,B
12096,Switzerland,Lausanne 25,ECOLE HOTELIERE DE LAUSANNE                                      ,ROUTE DE COJONNEX 18               LE CHALET-A-GOB,LAUSANNE 25         ,FC,SWITZERLAND         ,1000,    ,8,6,2016,1,6,16.6,B,5,        ,11,1,2015,,,,,2014,2,10,20,B
35183,Switzerland,Leuk-Stadt,EUROPEAN GRADUATE SCHOOL (EGS)                                   ,ALTER KEHR 20                                     ,LEUK-STADT          ,FC,SWITZERLAND         ,CH- 3,953,8,6,2016,5,68,7.3,B,5,        ,11,1,2015,4,34,11.7,A,2014,0,41,0,B
11683,Switzerland,Sorengo,FRANKLIN UNIVERSITY SWITZERLAND                                  ,VIA PONTE TRESA 29                                ,SORENGO             ,FC,SWITZERLAND         ,6924,    ,8,6,2016,2,45,4.4,A,5,        ,11,0,2015,4,70,5.7,A,2014,1,70,1.4,A
8376,The Netherlands,Amsterdam,VRIJE UNIVERSITEIT AMSTERDAM                                     ,DE BOELELAAN 1105                                 ,AMSTERDAM           ,FC,THE NETHERLANDS     ,1081, HV ,8,5,2016,1,21,4.7,B,5,        ,11,1,2015,0,16,0,B,2014,0,16,0,B
8377,The Netherlands,Amsterdam,UNIVERSITEIT VAN AMSTERDAM                                       ,SPUI 21                                           ,AMSTERDAM           ,FC,THE NETHERLANDS     ,1012,WX  ,8,5,2016,1,42,2.3,P,5,        ,11,0,2015,2,38,5.2,P,2014,4,39,10.2,P
37803,The Netherlands,The Bottom,SABA UNIVERSITY SCHOOL OF MEDICINE                               ,ROUND HILL CAMPUS                  CHURCH STREET  ,THE BOTTOM          ,FC,THE NETHERLANDS     ,     ,    ,7,7,2016,2,48,4.1,A,5,        ,11,0,2015,0,65,0,A,2014,0,9,0,B
22095,The Netherlands,Utrecht,UNIVERSITEIT UTRECHT                                             ,STUDENTENSERVICE                   HEIDELBERGLAAN ,UTRECHT             ,FC,THE NETHERLANDS     ,3584,CS  ,8,5,2016,2,53,3.7,B,5,        ,11,1,2015,3,49,6.1,B,2014,3,66,4.5,B
8452,Wales,Aberystwyth,ABERYSTWYTH UNIVERSITY                                           ,STUDENT WELCOME CENTRE             ABERYSTWYTH UNI,ABERYSTWYTH         ,FC,WALES               ,SY23 ,3FB ,8,5,2016,2,52,3.8,B,5,        ,11,1,2015,3,57,5.2,B,2014,2,45,4.4,B
10157,Wales,Cardiff,CARDIFF UNIVERSITY                                               ,MAIN BUILDING                      PARK PLACE     ,CARDIFF             ,FC,WALES               ,CF10 ,3AT ,8,5,2016,2,56,3.5,B,5,        ,11,1,2015,1,55,1.8,B,2014,2,63,3.1,B
34783,Wales,Cardiff,ROYAL WELSH COLLEGE OF MUSIC AND DRAMA                           ,"CASTLE GROUNDS, CATHAYS PARK                      ",CARDIFF             ,FC,WALES               ,CF10 ,3ER ,8,5,2016,3,31,9.6,B,5,        ,11,1,2015,2,18,11.1,B,2014,2,14,14.2,B
12341,Wales,Carmarthen,UNIVERSITY OF WALES TRINITY SAINT DAVID                          ,COLLEGE ROAD                                      ,CARMARTHEN          ,FC,WALES               ,SA31 ,3EP ,8,5,2016,1,5,20,B,5,        ,11,1,2015,1,7,14.2,B,2014,0,7,0,B
10589,Wales,Gwynedd,BANGOR UNIVERSITY                                                ,BANGOR                                            ,GWYNEDD             ,FC,WALES               ,LL57 ,2DG ,8,5,2016,0,19,0,B,5,        ,11,1,2015,0,25,0,B,2014,0,26,0,B
35473,Wales,Pontypridd,UNIVERSITY OF SOUTH WALES                                        ,"LLANTWIT ROAD, TREFOREST                          ",PONTYPRIDD          ,FC,WALES               ,CF37 ,1DL ,8,5,2016,3,30,10,P,5,        ,11,0,2015,3,33,9,P,2014,1,18,5.5,P
8586,Wales,Swansea,SWANSEA UNIVERSITY                                               ,SINGLETON PARK                                    ,SWANSEA             ,FC,WALES               ,SA2 8,PP  ,8,5,2016,1,40,2.5,B,5,        ,11,1,2015,1,37,2.7,B,2014,1,43,2.3,B
